short,long,vol_target,atr_win,k,sl,tp,cooldown,sharpe,cagr_pct,max_dd_pct,trades,exposure_pct,avg_pos_size
5,50,0.2,14,1,1ATR,2ATR,5,5.94,-100,85.88,1314,26.27,0.218
5,50,0.15,14,1,1ATR,2ATR,5,5.6,-100,85.93,1314,26.27,0.188
5,50,0.1,14,1,1ATR,2ATR,5,4.97,-100,85.99,1314,26.27,0.14
5,50,0.2,14,0.5,1ATR,2ATR,5,4.97,-100,85.99,1314,26.27,0.14
5,50,0.15,14,0.5,1ATR,2ATR,5,4.19,-100,86.02,1314,26.27,0.11
5,50,0.1,14,0.5,1ATR,2ATR,5,3.95,-100,86.05,1314,26.27,0.076
5,50,0.2,21,1,1ATR,2ATR,5,2.74,-100,85.78,1304,26.65,0.223
10,150,0.2,21,1,1ATR,2ATR,5,2.51,-100,82.16,1152,24.38,0.205
5,50,0.15,21,1,1ATR,2ATR,5,2,-100,85.82,1304,26.65,0.192
10,150,0.15,21,1,1ATR,2ATR,5,1.6,-100,82.21,1152,24.38,0.177
5,50,0.2,14,1,2ATR,2ATR,5,1.43,-100,80.51,1092,31.8,0.264
5,50,0.1,21,1,1ATR,2ATR,5,1.25,-100,85.85,1304,26.65,0.142
5,50,0.2,21,0.5,1ATR,2ATR,5,1.25,-100,85.85,1304,26.65,0.142
20,50,0.2,21,1,1ATR,2ATR,5,1.18,-100,84.46,1242,25.74,0.218
10,150,0.1,21,1,1ATR,2ATR,5,0.92,-100,82.24,1152,24.38,0.132
10,150,0.2,21,0.5,1ATR,2ATR,5,0.92,-100,82.24,1152,24.38,0.132
10,150,0.15,21,0.5,1ATR,2ATR,5,0.77,-100,82.24,1152,24.38,0.103
5,50,0.15,21,0.5,1ATR,2ATR,5,0.7,-100,85.87,1304,26.65,0.111
5,50,0.1,21,0.5,1ATR,2ATR,5,0.66,-100,85.87,1304,26.65,0.076
5,150,0.2,21,1,1ATR,2ATR,5,0.66,-100,83.27,1192,25.05,0.211
10,150,0.1,21,0.5,1ATR,2ATR,5,0.47,-100,82.25,1152,24.38,0.071
5,50,0.15,14,1,2ATR,2ATR,5,0.24,-100,80.58,1092,31.8,0.225
20,150,0.2,21,1,1ATR,2ATR,5,0.22,-100,81.71,1132,24.4,0.206
20,50,0.15,21,1,1ATR,2ATR,5,0.1,-100,84.5,1242,25.74,0.188
10,150,0.15,14,1,1ATR,2ATR,5,-0.14,-100,82.69,1168,24.1,0.175
10,150,0.1,14,1,1ATR,2ATR,5,-0.22,-100,82.69,1168,24.1,0.131
10,150,0.2,14,0.5,1ATR,2ATR,5,-0.22,-100,82.69,1168,24.1,0.131
10,150,0.2,14,1,1ATR,2ATR,5,-0.28,-100,82.69,1168,24.1,0.202
5,150,0.15,21,1,1ATR,2ATR,5,-0.41,-100,83.31,1192,25.05,0.182
20,150,0.2,14,1,2ATR,2ATR,5,-0.43,-100,75.42,934,28.82,0.24
20,100,0.2,21,1,1ATR,2ATR,5,-0.5,-100,82.55,1162,24.9,0.209
10,50,0.2,14,1,1ATR,2ATR,5,-0.58,-100,85.03,1264,25.94,0.216
20,50,0.1,21,1,1ATR,2ATR,5,-0.59,-100,84.52,1242,25.74,0.14
20,50,0.2,21,0.5,1ATR,2ATR,5,-0.59,-100,84.52,1242,25.74,0.14
20,50,0.1,21,0.5,1ATR,2ATR,5,-0.62,-100,84.51,1242,25.74,0.075
10,150,0.15,14,0.5,1ATR,2ATR,5,-0.65,-100,82.69,1168,24.1,0.103
5,150,0.1,21,0.5,1ATR,2ATR,5,-0.69,-100,83.3,1192,25.05,0.073
5,150,0.15,21,0.5,1ATR,2ATR,5,-0.72,-100,83.31,1192,25.05,0.106
20,50,0.15,21,0.5,1ATR,2ATR,5,-0.72,-100,84.51,1242,25.74,0.11
10,150,0.1,14,0.5,1ATR,2ATR,5,-0.73,-100,82.69,1168,24.1,0.071
20,50,0.2,14,1,1ATR,2ATR,5,-0.73,-100,84.81,1254,25.46,0.214
5,150,0.1,21,1,1ATR,2ATR,5,-0.76,-100,83.31,1192,25.05,0.136
5,150,0.2,21,0.5,1ATR,2ATR,5,-0.76,-100,83.31,1192,25.05,0.136
20,150,0.2,14,1,1ATR,2ATR,5,-0.88,-100,82.35,1154,23.87,0.2
5,50,0.2,14,1,1ATR,3ATR,5,-0.9,-100,80.34,1082,31.55,0.258
5,50,0.1,14,1,2ATR,2ATR,5,-0.91,-100,80.62,1092,31.8,0.166
5,50,0.2,14,0.5,2ATR,2ATR,5,-0.91,-100,80.62,1092,31.8,0.166
5,50,0.2,21,1,1ATR,3ATR,5,-0.97,-100,80.93,1102,31.25,0.259
20,50,0.15,14,1,1ATR,2ATR,5,-0.97,-100,84.81,1254,25.46,0.185
20,150,0.15,21,1,1ATR,2ATR,5,-1.11,-100,81.76,1132,24.4,0.178
20,150,0.15,14,1,1ATR,2ATR,5,-1.28,-100,82.36,1154,23.87,0.173
20,150,0.15,14,1,2ATR,2ATR,5,-1.32,-100,75.46,934,28.82,0.207
5,100,0.2,14,1,2ATR,2ATR,5,-1.34,-100,78.19,1012,30.97,0.258
5,50,0.15,14,0.5,2ATR,2ATR,5,-1.4,-100,80.62,1092,31.8,0.129
5,50,0.1,14,0.5,2ATR,2ATR,5,-1.52,-100,80.61,1092,31.8,0.088
20,100,0.15,21,1,1ATR,2ATR,5,-1.53,-100,82.58,1162,24.9,0.18
20,50,0.1,14,1,1ATR,2ATR,5,-1.56,-100,84.81,1254,25.46,0.139
20,50,0.2,14,0.5,1ATR,2ATR,5,-1.56,-100,84.81,1254,25.46,0.139
5,50,0.2,21,1,2ATR,3ATR,5,-1.63,-100,74.38,904,36.13,0.298
20,150,0.2,14,1,1ATR,3ATR,5,-1.63,-100,76.57,964,27.82,0.228
10,150,0.2,14,1,2ATR,2ATR,5,-1.77,-100,76.16,952,28.96,0.242
20,150,0.1,14,1,1ATR,2ATR,5,-1.89,-100,82.36,1154,23.87,0.13
20,150,0.2,14,0.5,1ATR,2ATR,5,-1.89,-100,82.36,1154,23.87,0.13
20,100,0.2,14,1,1ATR,3ATR,5,-2.07,-100,77.83,1000,28.32,0.234
10,150,0.2,14,1,1ATR,3ATR,5,-2.1,-100,76.53,962,28.37,0.234
20,50,0.2,21,1,1ATR,3ATR,5,-2.25,-100,78.83,1030,30.26,0.253
20,150,0.15,14,0.5,1ATR,2ATR,5,-2.27,-100,82.35,1154,23.87,0.103
20,50,0.15,14,0.5,1ATR,2ATR,5,-2.28,-100,84.82,1254,25.46,0.11
20,50,0.1,14,0.5,1ATR,2ATR,5,-2.29,-100,84.8,1254,25.46,0.075
20,150,0.1,21,1,1ATR,2ATR,5,-2.31,-100,81.78,1132,24.4,0.132
20,150,0.2,21,0.5,1ATR,2ATR,5,-2.31,-100,81.78,1132,24.4,0.132
20,150,0.1,14,0.5,1ATR,2ATR,5,-2.35,-100,82.34,1154,23.87,0.071
10,50,0.2,14,1,2ATR,2ATR,5,-2.44,-100,79.03,1036,31.13,0.26
10,50,0.15,14,1,1ATR,2ATR,5,-2.46,-100,85.08,1264,25.94,0.186
20,50,0.2,14,1,1ATR,3ATR,5,-2.49,-100,78.52,1020,30.42,0.251
5,150,0.1,14,0.5,1ATR,2ATR,5,-2.51,-100,83.96,1218,24.59,0.072
5,100,0.15,14,1,2ATR,2ATR,5,-2.52,-100,78.24,1012,30.97,0.221
5,150,0.1,14,1,1ATR,2ATR,5,-2.54,-100,83.99,1218,24.59,0.134
5,150,0.2,14,0.5,1ATR,2ATR,5,-2.54,-100,83.99,1218,24.59,0.134
5,150,0.2,14,1,1ATR,2ATR,5,-2.57,-100,84.04,1218,24.59,0.206
20,150,0.15,21,0.5,1ATR,2ATR,5,-2.6,-100,81.77,1132,24.4,0.104
5,50,0.15,14,1,1ATR,3ATR,5,-2.61,-100,80.41,1082,31.55,0.221
5,150,0.15,14,0.5,1ATR,2ATR,5,-2.63,-100,83.98,1218,24.59,0.105
20,100,0.1,21,1,1ATR,2ATR,5,-2.66,-100,82.59,1162,24.9,0.134
20,100,0.2,21,0.5,1ATR,2ATR,5,-2.66,-100,82.59,1162,24.9,0.134
10,150,0.15,14,1,2ATR,2ATR,5,-2.69,-100,76.19,952,28.96,0.208
5,50,0.15,21,1,2ATR,3ATR,5,-2.74,-100,74.42,904,36.13,0.254
5,150,0.15,14,1,1ATR,2ATR,5,-2.79,-100,84.02,1218,24.59,0.179
5,50,0.15,21,1,1ATR,3ATR,5,-2.8,-100,81,1102,31.25,0.221
20,150,0.1,14,1,2ATR,2ATR,5,-2.84,-100,75.5,934,28.82,0.154
20,150,0.2,14,0.5,2ATR,2ATR,5,-2.84,-100,75.5,934,28.82,0.154
20,150,0.1,21,0.5,1ATR,2ATR,5,-2.85,-100,81.76,1132,24.4,0.071
20,100,0.15,21,0.5,1ATR,2ATR,5,-2.9,-100,82.58,1162,24.9,0.105
20,100,0.1,21,0.5,1ATR,2ATR,5,-2.96,-100,82.56,1162,24.9,0.072
5,100,0.2,14,1,1ATR,2ATR,5,-2.97,-100,84.76,1248,25.69,0.214
10,100,0.2,21,1,1ATR,2ATR,5,-2.97,-100,83.52,1196,25.22,0.213
20,150,0.15,14,0.5,2ATR,2ATR,5,-3.22,-100,75.48,934,28.82,0.12
5,100,0.2,21,1,1ATR,3ATR,5,-3.28,-100,79.33,1044,30.06,0.25
5,100,0.1,14,1,2ATR,2ATR,5,-3.35,-100,78.23,1012,30.97,0.163
5,100,0.2,14,0.5,2ATR,2ATR,5,-3.35,-100,78.23,1012,30.97,0.163
5,100,0.15,14,0.5,2ATR,2ATR,5,-3.4,-100,78.2,1012,30.97,0.127
20,150,0.2,21,1,1ATR,3ATR,5,-3.43,-100,77.57,990,27.36,0.229
10,50,0.2,21,1,2ATR,3ATR,5,-3.5,-100,71.7,834,35.38,0.293
5,100,0.2,21,1,1ATR,2ATR,5,-3.54,-100,84.31,1228,26.15,0.22
5,150,0.2,14,1,1ATR,3ATR,5,-3.57,-100,77.93,1000,29.33,0.242
20,150,0.1,14,0.5,2ATR,2ATR,5,-3.59,-100,75.46,934,28.82,0.082
5,100,0.1,14,0.5,2ATR,2ATR,5,-3.6,-100,78.17,1012,30.97,0.087
20,150,0.15,14,1,1ATR,3ATR,5,-3.61,-100,76.65,964,27.82,0.197
10,100,0.2,14,1,1ATR,3ATR,5,-3.64,-100,77.99,1002,29.41,0.243
20,50,0.15,21,1,1ATR,3ATR,5,-3.65,-100,78.87,1030,30.26,0.216
10,50,0.2,21,1,1ATR,2ATR,5,-3.76,-100,84.52,1236,26.53,0.224
5,100,0.15,14,1,1ATR,2ATR,5,-3.77,-100,84.76,1248,25.69,0.186
10,150,0.15,14,1,1ATR,3ATR,5,-3.77,-100,76.59,962,28.37,0.201
5,150,0.2,14,1,2ATR,2ATR,5,-3.85,-100,77.2,978,29.9,0.25
10,150,0.1,14,1,2ATR,2ATR,5,-3.87,-100,76.19,952,28.96,0.154
10,150,0.2,14,0.5,2ATR,2ATR,5,-3.87,-100,76.19,952,28.96,0.154
5,50,0.1,14,1,1ATR,3ATR,5,-3.99,-100,80.42,1082,31.55,0.164
5,50,0.2,14,0.5,1ATR,3ATR,5,-3.99,-100,80.42,1082,31.55,0.164
10,150,0.2,21,1,1ATR,3ATR,5,-4,-100,77.2,978,28.06,0.235
5,50,0.1,21,1,2ATR,3ATR,5,-4.01,-100,74.43,904,36.13,0.187
5,50,0.2,21,0.5,2ATR,3ATR,5,-4.01,-100,74.43,904,36.13,0.187
20,50,0.15,14,1,1ATR,3ATR,5,-4.07,-100,78.57,1020,30.42,0.215
20,100,0.15,14,1,1ATR,3ATR,5,-4.11,-100,77.91,1000,28.32,0.202
5,150,0.2,21,1,1ATR,3ATR,5,-4.13,-100,78.48,1016,28.96,0.243
10,50,0.1,14,1,1ATR,2ATR,5,-4.17,-100,85.1,1264,25.94,0.139
10,50,0.2,14,0.5,1ATR,2ATR,5,-4.17,-100,85.1,1264,25.94,0.139
5,50,0.1,21,1,1ATR,3ATR,5,-4.25,-100,81,1102,31.25,0.163
5,50,0.2,21,0.5,1ATR,3ATR,5,-4.25,-100,81,1102,31.25,0.163
5,50,0.1,21,0.5,2ATR,3ATR,5,-4.33,-100,74.35,904,36.13,0.099
5,100,0.2,14,1,1ATR,3ATR,5,-4.37,-100,79.14,1036,30.31,0.25
10,50,0.2,14,1,1ATR,3ATR,5,-4.42,-100,79.7,1054,30.32,0.249
10,100,0.15,21,1,1ATR,2ATR,5,-4.42,-100,83.54,1196,25.22,0.183
10,150,0.15,14,0.5,2ATR,2ATR,5,-4.43,-100,76.17,952,28.96,0.12
5,50,0.15,21,0.5,2ATR,3ATR,5,-4.45,-100,74.4,904,36.13,0.145
5,100,0.1,14,1,1ATR,2ATR,5,-4.55,-100,84.74,1248,25.69,0.139
5,100,0.2,14,0.5,1ATR,2ATR,5,-4.55,-100,84.74,1248,25.69,0.139
10,100,0.15,21,0.5,1ATR,2ATR,5,-4.68,-100,83.48,1196,25.22,0.107
5,100,0.15,21,1,1ATR,3ATR,5,-4.71,-100,79.36,1044,30.06,0.215
5,150,0.15,14,1,2ATR,2ATR,5,-4.74,-100,77.2,978,29.9,0.214
10,50,0.15,14,1,2ATR,2ATR,5,-4.74,-100,79.12,1036,31.13,0.222
10,150,0.1,14,0.5,1ATR,3ATR,5,-4.75,-100,76.49,962,28.37,0.079
10,100,0.1,21,1,1ATR,2ATR,5,-4.77,-100,83.51,1196,25.22,0.136
10,100,0.2,21,0.5,1ATR,2ATR,5,-4.77,-100,83.51,1196,25.22,0.136
10,100,0.1,21,0.5,1ATR,2ATR,5,-4.8,-100,83.45,1196,25.22,0.073
10,150,0.1,14,0.5,2ATR,2ATR,5,-4.9,-100,76.14,952,28.96,0.083
20,100,0.1,14,0.5,1ATR,3ATR,5,-4.94,-100,77.8,1000,28.32,0.079
10,150,0.1,14,1,1ATR,3ATR,5,-4.95,-100,76.58,962,28.37,0.148
10,150,0.2,14,0.5,1ATR,3ATR,5,-4.95,-100,76.58,962,28.37,0.148
5,100,0.1,14,0.5,1ATR,2ATR,5,-4.96,-100,84.7,1248,25.69,0.075
10,50,0.15,21,1,2ATR,3ATR,5,-5.03,-100,71.75,834,35.38,0.249
10,150,0.15,14,0.5,1ATR,3ATR,5,-5.05,-100,76.54,962,28.37,0.115
20,150,0.2,14,1,2ATR,3ATR,5,-5.05,-100,68.95,770,32.26,0.264
5,50,0.15,14,0.5,1ATR,3ATR,5,-5.07,-100,80.41,1082,31.55,0.129
5,50,0.2,14,1,2ATR,3ATR,0,-5.09,-100,83.62,1194,44.71,0.365
5,100,0.15,21,1,1ATR,2ATR,5,-5.11,-100,84.34,1228,26.15,0.19
5,50,0.15,21,0.5,1ATR,3ATR,5,-5.12,-100,80.99,1102,31.25,0.128
5,100,0.15,14,0.5,1ATR,2ATR,5,-5.13,-100,84.73,1248,25.69,0.109
20,150,0.1,14,1,1ATR,3ATR,5,-5.14,-100,76.65,964,27.82,0.147
20,150,0.2,14,0.5,1ATR,3ATR,5,-5.14,-100,76.65,964,27.82,0.147
5,150,0.15,14,1,1ATR,3ATR,5,-5.2,-100,77.97,1000,29.33,0.209
5,50,0.1,14,0.5,1ATR,3ATR,5,-5.21,-100,80.38,1082,31.55,0.088
5,150,0.15,14,0.5,2ATR,2ATR,5,-5.21,-100,77.11,978,29.9,0.123
5,150,0.1,14,1,2ATR,2ATR,5,-5.23,-100,77.15,978,29.9,0.158
5,150,0.2,14,0.5,2ATR,2ATR,5,-5.23,-100,77.15,978,29.9,0.158
20,50,0.1,21,1,1ATR,3ATR,5,-5.24,-100,78.87,1030,30.26,0.16
20,50,0.2,21,0.5,1ATR,3ATR,5,-5.24,-100,78.87,1030,30.26,0.16
20,100,0.15,14,1,1ATR,2ATR,5,-5.28,-100,83.02,1174,24.62,0.178
5,100,0.2,21,1,2ATR,3ATR,5,-5.3,-100,71.09,816,35.28,0.293
5,150,0.1,14,0.5,2ATR,2ATR,5,-5.3,-100,77.06,978,29.9,0.084
20,150,0.1,14,0.5,1ATR,3ATR,5,-5.3,-100,76.57,964,27.82,0.078
20,100,0.2,14,1,1ATR,2ATR,5,-5.31,-100,83.06,1174,24.62,0.206
20,150,0.15,14,0.5,1ATR,3ATR,5,-5.37,-100,76.62,964,27.82,0.114
5,50,0.1,21,0.5,1ATR,3ATR,5,-5.38,-100,80.96,1102,31.25,0.087
20,50,0.1,21,0.5,1ATR,3ATR,5,-5.38,-100,78.79,1030,30.26,0.085
20,100,0.1,14,0.5,1ATR,2ATR,5,-5.43,-100,82.91,1174,24.62,0.072
20,100,0.1,14,1,1ATR,3ATR,5,-5.45,-100,77.9,1000,28.32,0.149
20,100,0.2,14,0.5,1ATR,3ATR,5,-5.45,-100,77.9,1000,28.32,0.149
20,100,0.15,14,0.5,1ATR,3ATR,5,-5.46,-100,77.85,1000,28.32,0.116
10,50,0.15,14,0.5,1ATR,2ATR,5,-5.48,-100,85.1,1264,25.94,0.109
5,50,0.1,14,1,2ATR,0,0,-5.55,-100,53.19,498,47.72,0.251
5,50,0.2,14,0.5,2ATR,0,0,-5.55,-100,53.19,498,47.72,0.251
20,150,0.15,21,1,1ATR,3ATR,5,-5.56,-100,77.63,990,27.36,0.198
5,150,0.1,14,0.5,1ATR,3ATR,5,-5.57,-100,77.81,1000,29.33,0.083
20,50,0.15,21,0.5,1ATR,3ATR,5,-5.6,-100,78.84,1030,30.26,0.125
20,100,0.1,14,1,1ATR,2ATR,5,-5.6,-100,82.97,1174,24.62,0.133
20,100,0.2,14,0.5,1ATR,2ATR,5,-5.6,-100,82.97,1174,24.62,0.133
5,50,0.15,14,1,2ATR,0,0,-5.63,-100,53.42,498,47.72,0.337
5,50,0.2,21,1,1ATR,2ATR,0,-5.69,-100,95.8,2100,40.79,0.342
5,50,0.2,21,1,2ATR,2ATR,5,-5.69,-100,80.83,1090,31.88,0.267
10,100,0.15,14,1,1ATR,3ATR,5,-5.69,-100,78.05,1002,29.41,0.21
5,150,0.15,21,1,1ATR,3ATR,5,-5.71,-100,78.51,1016,28.96,0.209
20,100,0.15,14,0.5,1ATR,2ATR,5,-5.77,-100,82.94,1174,24.62,0.105
20,50,0.2,14,1,2ATR,2ATR,5,-5.79,-100,78.72,1020,30.63,0.256
5,50,0.15,14,0.5,2ATR,0,0,-5.81,-100,53.09,498,47.72,0.194
10,50,0.15,21,1,1ATR,2ATR,5,-5.83,-100,84.56,1236,26.53,0.192
10,150,0.15,21,1,1ATR,3ATR,5,-5.89,-100,77.25,978,28.06,0.201
10,50,0.2,21,1,2ATR,2ATR,5,-5.9,-100,78.87,1024,31.38,0.265
5,100,0.15,14,1,1ATR,3ATR,5,-5.96,-100,79.16,1036,30.31,0.215
10,100,0.2,21,1,1ATR,3ATR,5,-5.99,-100,78.58,1016,29.13,0.244
20,50,0.1,14,1,1ATR,3ATR,5,-5.99,-100,78.57,1020,30.42,0.159
20,50,0.2,14,0.5,1ATR,3ATR,5,-5.99,-100,78.57,1020,30.42,0.159
5,150,0.15,14,0.5,1ATR,3ATR,5,-6.02,-100,77.87,1000,29.33,0.121
20,50,0.1,14,0.5,1ATR,3ATR,5,-6.02,-100,78.48,1020,30.42,0.085
5,100,0.1,21,1,1ATR,3ATR,5,-6.04,-100,79.34,1044,30.06,0.159
5,100,0.2,21,0.5,1ATR,3ATR,5,-6.04,-100,79.34,1044,30.06,0.159
5,150,0.1,21,0.5,1ATR,3ATR,5,-6.08,-100,78.35,1016,28.96,0.082
5,100,0.1,21,1,1ATR,2ATR,5,-6.09,-100,84.31,1228,26.15,0.141
5,100,0.2,21,0.5,1ATR,2ATR,5,-6.09,-100,84.31,1228,26.15,0.141
5,100,0.2,21,1,2ATR,2ATR,5,-6.09,-100,78.35,1008,31.16,0.264
5,150,0.1,14,1,1ATR,3ATR,5,-6.09,-100,77.92,1000,29.33,0.155
5,150,0.2,14,0.5,1ATR,3ATR,5,-6.09,-100,77.92,1000,29.33,0.155
5,50,0.2,14,1,2ATR,0,0,-6.1,-100,53.67,498,47.72,0.396
5,50,0.1,14,0.5,2ATR,0,0,-6.13,-100,52.96,498,47.72,0.132
5,50,0.15,14,1,2ATR,3ATR,0,-6.14,-100,83.61,1194,44.71,0.308
20,150,0.2,21,1,2ATR,3ATR,5,-6.14,-100,69.42,778,32.03,0.267
10,50,0.1,14,0.5,1ATR,2ATR,5,-6.15,-100,85.08,1264,25.94,0.075
5,150,0.2,21,1,2ATR,3ATR,5,-6.19,-100,70.17,794,33.81,0.284
5,50,0.1,21,1,1ATR,0,0,-6.2,-100,61.67,630,47.06,0.251
5,50,0.2,21,0.5,1ATR,0,0,-6.2,-100,61.67,630,47.06,0.251
20,100,0.2,21,1,1ATR,3ATR,5,-6.3,-100,78.6,1016,28.02,0.235
5,50,0.2,14,1,2ATR,3ATR,5,-6.31,-100,74.57,900,36.35,0.297
10,50,0.2,21,1,1ATR,3ATR,5,-6.31,-100,79.99,1060,30.13,0.25
5,100,0.1,21,0.5,1ATR,3ATR,5,-6.34,-100,79.24,1044,30.06,0.084
5,50,0.15,21,1,2ATR,2ATR,5,-6.35,-100,80.81,1090,31.88,0.228
5,150,0.2,21,1,2ATR,2ATR,0,-6.35,-100,88.51,1428,41.32,0.348
5,50,0.15,21,0.5,1ATR,0,0,-6.36,-100,61.56,630,47.06,0.196
5,100,0.15,21,0.5,1ATR,3ATR,5,-6.41,-100,79.3,1044,30.06,0.124
10,50,0.2,14,1,2ATR,3ATR,5,-6.41,-100,71.52,824,35.64,0.293
5,100,0.15,21,0.5,1ATR,2ATR,5,-6.43,-100,84.28,1228,26.15,0.11
5,50,0.15,21,0.5,2ATR,0,0,-6.44,-100,53.57,504,47.72,0.198
5,50,0.15,21,1,1ATR,0,0,-6.44,-100,61.89,630,47.06,0.336
5,50,0.1,21,1,2ATR,0,0,-6.45,-100,53.71,504,47.72,0.254
5,50,0.2,21,0.5,2ATR,0,0,-6.45,-100,53.71,504,47.72,0.254
5,50,0.2,21,1,1ATR,0,0,-6.45,-100,62.06,630,47.06,0.395
20,150,0.15,14,1,2ATR,3ATR,5,-6.48,-100,68.97,770,32.26,0.228
5,150,0.15,21,0.5,1ATR,3ATR,5,-6.49,-100,78.41,1016,28.96,0.121
5,50,0.2,21,1,2ATR,2ATR,0,-6.5,-100,90.78,1574,43.12,0.36
5,50,0.1,21,0.5,1ATR,0,0,-6.51,-100,61.44,630,47.06,0.133
5,100,0.1,21,0.5,1ATR,2ATR,5,-6.52,-100,84.25,1228,26.15,0.075
5,50,0.2,14,1,2ATR,2ATR,0,-6.53,-100,90.59,1560,43.18,0.356
5,150,0.1,21,1,1ATR,3ATR,5,-6.54,-100,78.46,1016,28.96,0.155
5,150,0.2,21,0.5,1ATR,3ATR,5,-6.54,-100,78.46,1016,28.96,0.155
5,50,0.1,14,1,1ATR,0,0,-6.59,-100,61.8,632,47.02,0.247
5,50,0.2,14,0.5,1ATR,0,0,-6.59,-100,61.8,632,47.02,0.247
20,50,0.15,14,0.5,1ATR,3ATR,5,-6.59,-100,78.54,1020,30.42,0.125
10,50,0.1,21,1,2ATR,3ATR,5,-6.6,-100,71.72,834,35.38,0.182
10,50,0.2,21,0.5,2ATR,3ATR,5,-6.6,-100,71.72,834,35.38,0.182
20,150,0.2,21,1,2ATR,2ATR,5,-6.6,-100,75.15,916,29.19,0.247
5,50,0.2,14,1,1ATR,0,0,-6.61,-100,62.17,632,47.02,0.39
5,50,0.1,21,0.5,2ATR,0,0,-6.62,-100,53.41,504,47.72,0.135
20,50,0.15,14,1,2ATR,2ATR,5,-6.63,-100,78.69,1020,30.63,0.22
5,50,0.15,21,0.5,2ATR,0,5,-6.65,-100,50.09,456,46.07,0.189
10,100,0.1,14,0.5,1ATR,3ATR,5,-6.66,-100,77.9,1002,29.41,0.082
5,50,0.1,21,1,2ATR,0,5,-6.7,-100,50.25,456,46.07,0.242
5,50,0.2,21,0.5,2ATR,0,5,-6.7,-100,50.25,456,46.07,0.242
5,50,0.15,21,1,2ATR,0,0,-6.72,-100,54,504,47.72,0.34
5,50,0.15,21,1,1ATR,2ATR,0,-6.74,-100,95.8,2100,40.79,0.292
5,50,0.15,14,1,1ATR,0,0,-6.75,-100,62.01,632,47.02,0.331
20,150,0.2,14,1,2ATR,3ATR,0,-6.76,-100,80.82,1086,42,0.345
5,50,0.1,21,0.5,2ATR,0,5,-6.78,-100,49.93,456,46.07,0.129
5,50,0.15,14,0.5,1ATR,0,0,-6.78,-100,61.69,632,47.02,0.192
5,100,0.2,21,1,1ATR,2ATR,0,-6.79,-100,95.26,2016,40.17,0.339
10,50,0.1,14,1,2ATR,2ATR,5,-6.79,-100,79.12,1036,31.13,0.164
10,50,0.2,14,0.5,2ATR,2ATR,5,-6.79,-100,79.12,1036,31.13,0.164
5,100,0.15,21,1,2ATR,3ATR,5,-6.8,-100,71.1,816,35.28,0.249
5,50,0.1,21,1,2ATR,2ATR,5,-6.86,-100,80.74,1090,31.88,0.167
5,50,0.2,21,0.5,2ATR,2ATR,5,-6.86,-100,80.74,1090,31.88,0.167
10,100,0.1,14,1,1ATR,3ATR,5,-6.9,-100,78.01,1002,29.41,0.155
10,100,0.2,14,0.5,1ATR,3ATR,5,-6.9,-100,78.01,1002,29.41,0.155
5,50,0.2,21,1,2ATR,0,0,-6.93,-100,54.25,504,47.72,0.4
10,150,0.1,21,0.5,1ATR,3ATR,5,-6.94,-100,77.09,978,28.06,0.079
5,100,0.2,21,1,2ATR,2ATR,0,-7.01,-100,89.24,1470,42.57,0.357
10,150,0.1,21,1,1ATR,3ATR,5,-7.04,-100,77.2,978,28.06,0.149
10,150,0.2,21,0.5,1ATR,3ATR,5,-7.04,-100,77.2,978,28.06,0.149
5,50,0.15,21,1,2ATR,0,5,-7.06,-100,50.55,456,46.07,0.323
10,100,0.15,14,0.5,1ATR,3ATR,5,-7.08,-100,77.96,1002,29.41,0.12
5,50,0.15,21,0.5,2ATR,2ATR,5,-7.09,-100,80.69,1090,31.88,0.13
20,150,0.1,21,1,1ATR,3ATR,5,-7.1,-100,77.61,990,27.36,0.147
20,150,0.2,21,0.5,1ATR,3ATR,5,-7.1,-100,77.61,990,27.36,0.147
5,50,0.1,21,0.5,2ATR,2ATR,5,-7.11,-100,80.64,1090,31.88,0.089
5,50,0.15,14,1,2ATR,0,5,-7.12,-100,50.86,460,46.04,0.323
5,50,0.15,14,1,2ATR,3ATR,5,-7.12,-100,74.53,900,36.35,0.252
5,50,0.1,14,1,2ATR,0,5,-7.13,-100,50.58,460,46.04,0.24
5,50,0.2,14,0.5,2ATR,0,5,-7.13,-100,50.58,460,46.04,0.24
5,50,0.15,14,1,2ATR,2ATR,0,-7.14,-100,90.56,1560,43.18,0.302
5,100,0.15,21,1,2ATR,2ATR,5,-7.14,-100,78.34,1008,31.16,0.225
10,150,0.15,21,0.5,1ATR,3ATR,5,-7.15,-100,77.15,978,28.06,0.116
20,50,0.15,14,0.5,2ATR,2ATR,5,-7.19,-100,78.56,1020,30.63,0.127
5,50,0.1,14,0.5,1ATR,0,0,-7.2,-100,61.57,632,47.02,0.13
5,50,0.1,14,1,2ATR,3ATR,0,-7.22,-100,83.57,1194,44.71,0.226
5,50,0.2,14,0.5,2ATR,3ATR,0,-7.22,-100,83.57,1194,44.71,0.226
10,100,0.2,14,1,1ATR,2ATR,5,-7.22,-100,84.12,1214,24.88,0.209
5,50,0.15,21,1,2ATR,2ATR,0,-7.25,-100,90.77,1574,43.12,0.306
20,150,0.1,21,0.5,1ATR,3ATR,5,-7.25,-100,77.5,990,27.36,0.078
20,150,0.15,21,1,2ATR,2ATR,5,-7.25,-100,75.11,916,29.19,0.212
20,150,0.15,21,0.5,1ATR,3ATR,5,-7.27,-100,77.56,990,27.36,0.115
20,50,0.1,14,0.5,2ATR,2ATR,5,-7.28,-100,78.5,1020,30.63,0.087
20,50,0.1,14,1,2ATR,2ATR,5,-7.29,-100,78.62,1020,30.63,0.162
20,50,0.2,14,0.5,2ATR,2ATR,5,-7.29,-100,78.62,1020,30.63,0.162
10,50,0.1,21,0.5,2ATR,3ATR,5,-7.31,-100,71.58,834,35.38,0.096
10,50,0.15,21,0.5,2ATR,3ATR,5,-7.32,-100,71.67,834,35.38,0.142
5,50,0.2,21,1,2ATR,0,5,-7.33,-100,50.82,456,46.07,0.382
5,50,0.15,14,0.5,2ATR,0,5,-7.34,-100,50.43,460,46.04,0.187
5,150,0.15,21,1,2ATR,3ATR,5,-7.35,-100,70.16,794,33.81,0.242
10,50,0.15,21,1,2ATR,2ATR,5,-7.35,-100,78.87,1024,31.38,0.226
5,150,0.1,21,1,1ATR,0,0,-7.44,-100,46.29,404,45.52,0.245
5,150,0.2,14,1,2ATR,2ATR,0,-7.44,-100,87.84,1388,41.48,0.344
5,150,0.2,21,0.5,1ATR,0,0,-7.44,-100,46.29,404,45.52,0.245
5,150,0.2,21,1,2ATR,3ATR,0,-7.46,-100,80.18,1062,42.84,0.358
5,150,0.1,14,1,1ATR,0,0,-7.48,-100,46.11,402,45.52,0.238
5,150,0.2,14,0.5,1ATR,0,0,-7.48,-100,46.11,402,45.52,0.238
5,150,0.2,21,1,1ATR,2ATR,0,-7.48,-100,95,1980,38.83,0.328
5,100,0.1,14,1,1ATR,3ATR,5,-7.56,-100,79.13,1036,30.31,0.159
5,100,0.2,14,0.5,1ATR,3ATR,5,-7.56,-100,79.13,1036,30.31,0.159
10,100,0.15,21,1,1ATR,3ATR,5,-7.57,-100,78.59,1016,29.13,0.209
5,50,0.1,21,1,1ATR,0,5,-7.59,-100,56.99,552,43.41,0.229
5,50,0.2,21,0.5,1ATR,0,5,-7.59,-100,56.99,552,43.41,0.229
5,50,0.1,14,0.5,2ATR,0,5,-7.61,-100,50.26,460,46.04,0.127
5,100,0.1,21,0.5,2ATR,3ATR,5,-7.61,-100,70.82,816,35.28,0.096
10,50,0.15,14,1,1ATR,3ATR,5,-7.61,-100,79.8,1054,30.32,0.213
5,50,0.2,21,1,1ATR,0,5,-7.65,-100,57.45,552,43.41,0.361
10,50,0.15,14,0.5,2ATR,2ATR,5,-7.65,-100,79.08,1036,31.13,0.128
10,50,0.1,21,1,1ATR,2ATR,5,-7.67,-100,84.54,1236,26.53,0.142
10,50,0.2,21,0.5,1ATR,2ATR,5,-7.67,-100,84.54,1236,26.53,0.142
5,50,0.2,14,1,2ATR,0,5,-7.68,-100,51.16,460,46.04,0.379
5,50,0.15,21,0.5,1ATR,0,5,-7.7,-100,56.85,552,43.41,0.179
5,100,0.1,14,0.5,1ATR,3ATR,5,-7.72,-100,79.02,1036,30.31,0.084
20,150,0.15,21,1,2ATR,3ATR,5,-7.72,-100,69.43,778,32.03,0.23
10,100,0.1,14,1,1ATR,2ATR,5,-7.73,-100,84.01,1214,24.88,0.135
10,100,0.2,14,0.5,1ATR,2ATR,5,-7.73,-100,84.01,1214,24.88,0.135
10,100,0.1,14,0.5,1ATR,2ATR,5,-7.74,-100,83.93,1214,24.88,0.073
5,50,0.2,21,1,2ATR,3ATR,0,-7.77,-100,83.43,1180,44.77,0.371
5,50,0.1,21,1,1ATR,2ATR,0,-7.78,-100,95.79,2100,40.79,0.217
5,50,0.2,21,0.5,1ATR,2ATR,0,-7.78,-100,95.79,2100,40.79,0.217
5,50,0.15,21,1,1ATR,0,5,-7.79,-100,57.27,552,43.41,0.307
5,100,0.1,21,0.5,2ATR,2ATR,5,-7.81,-100,78.12,1008,31.16,0.088
5,100,0.15,21,0.5,2ATR,2ATR,5,-7.81,-100,78.19,1008,31.16,0.129
5,150,0.15,21,1,2ATR,2ATR,0,-7.81,-100,88.51,1428,41.32,0.297
10,100,0.15,14,1,1ATR,2ATR,5,-7.85,-100,84.09,1214,24.88,0.18
5,100,0.1,21,1,2ATR,2ATR,5,-7.87,-100,78.26,1008,31.16,0.166
5,100,0.2,21,0.5,2ATR,2ATR,5,-7.87,-100,78.26,1008,31.16,0.166
10,100,0.15,14,0.5,1ATR,2ATR,5,-7.88,-100,83.97,1214,24.88,0.106
20,150,0.1,14,1,2ATR,3ATR,5,-7.89,-100,68.92,770,32.26,0.169
20,150,0.2,14,0.5,2ATR,3ATR,5,-7.89,-100,68.92,770,32.26,0.169
5,50,0.1,21,0.5,1ATR,0,5,-7.91,-100,56.69,552,43.41,0.121
5,150,0.1,21,0.5,2ATR,3ATR,5,-7.92,-100,69.84,794,33.81,0.095
5,100,0.15,21,0.5,2ATR,3ATR,5,-7.94,-100,70.92,816,35.28,0.142
10,50,0.1,14,0.5,2ATR,2ATR,5,-7.94,-100,79.02,1036,31.13,0.088
20,100,0.15,21,1,1ATR,3ATR,5,-7.94,-100,78.61,1016,28.02,0.202
10,50,0.2,21,1,2ATR,2ATR,0,-7.95,-100,90.15,1526,42.91,0.36
5,100,0.1,21,1,2ATR,3ATR,5,-7.98,-100,71.02,816,35.28,0.184
5,100,0.2,21,0.5,2ATR,3ATR,5,-7.98,-100,71.02,816,35.28,0.184
10,50,0.15,14,1,2ATR,3ATR,5,-7.99,-100,71.52,824,35.64,0.248
5,50,0.1,14,1,2ATR,2ATR,0,-8,-100,90.53,1560,43.18,0.224
5,50,0.2,14,0.5,2ATR,2ATR,0,-8,-100,90.53,1560,43.18,0.224
5,150,0.2,14,1,2ATR,3ATR,0,-8.01,-100,80.91,1086,42.77,0.353
5,50,0.1,21,1,2ATR,2ATR,0,-8.03,-100,90.73,1574,43.12,0.227
5,50,0.2,21,0.5,2ATR,2ATR,0,-8.03,-100,90.73,1574,43.12,0.227
5,50,0.15,14,0.5,2ATR,3ATR,0,-8.07,-100,83.53,1194,44.71,0.176
5,100,0.15,14,0.5,1ATR,3ATR,5,-8.07,-100,79.09,1036,30.31,0.123
5,150,0.1,21,1,2ATR,0,0,-8.07,-100,38.42,312,46.04,0.246
5,150,0.2,21,0.5,2ATR,0,0,-8.07,-100,38.42,312,46.04,0.246
5,50,0.2,14,1,1ATR,2ATR,0,-8.08,-100,95.78,2092,40.82,0.338
5,50,0.2,14,1,1ATR,3ATR,0,-8.09,-100,91.38,1616,42.77,0.35
5,150,0.15,21,0.5,1ATR,0,0,-8.09,-100,46.15,404,45.52,0.188
5,150,0.15,21,1,2ATR,3ATR,0,-8.1,-100,80.12,1062,42.84,0.305
5,150,0.15,21,0.5,2ATR,3ATR,5,-8.11,-100,69.95,794,33.81,0.14
5,50,0.2,14,1,1ATR,0,5,-8.13,-100,57.88,558,43.28,0.357
20,150,0.1,21,1,2ATR,2ATR,5,-8.14,-100,75.02,916,29.19,0.157
20,150,0.2,21,0.5,2ATR,2ATR,5,-8.14,-100,75.02,916,29.19,0.157
5,50,0.1,14,0.5,2ATR,3ATR,0,-8.18,-100,83.47,1194,44.71,0.119
5,150,0.15,14,0.5,1ATR,0,0,-8.21,-100,45.98,402,45.52,0.183
5,100,0.2,14,1,2ATR,2ATR,0,-8.23,-100,88.86,1444,42.68,0.353
5,150,0.15,14,1,1ATR,0,0,-8.24,-100,46.51,402,45.52,0.315
5,100,0.2,14,1,2ATR,3ATR,5,-8.25,-100,71.16,812,35.45,0.292
5,150,0.1,21,1,2ATR,3ATR,5,-8.25,-100,70.05,794,33.81,0.179
5,150,0.2,21,0.5,2ATR,3ATR,5,-8.25,-100,70.05,794,33.81,0.179
20,100,0.1,21,0.5,1ATR,3ATR,5,-8.25,-100,78.38,1016,28.02,0.08
20,150,0.15,21,0.5,2ATR,2ATR,5,-8.25,-100,74.96,916,29.19,0.123
20,150,0.15,14,0.5,2ATR,3ATR,5,-8.27,-100,68.84,770,32.26,0.131
20,150,0.15,14,1,2ATR,3ATR,0,-8.27,-100,80.81,1086,42,0.294
5,50,0.15,14,1,1ATR,0,5,-8.29,-100,57.69,558,43.28,0.304
5,150,0.1,21,0.5,1ATR,0,0,-8.34,-100,45.94,404,45.52,0.127
5,50,0.1,14,1,1ATR,0,5,-8.37,-100,57.43,558,43.28,0.226
5,50,0.2,14,0.5,1ATR,0,5,-8.37,-100,57.43,558,43.28,0.226
5,100,0.1,21,1,2ATR,0,0,-8.38,-100,44.3,378,47.2,0.254
5,100,0.2,21,0.5,2ATR,0,0,-8.38,-100,44.3,378,47.2,0.254
5,50,0.15,21,0.5,1ATR,2ATR,0,-8.39,-100,95.78,2100,40.79,0.17
20,150,0.1,14,0.5,2ATR,3ATR,5,-8.39,-100,68.74,770,32.26,0.09
20,150,0.2,21,1,2ATR,3ATR,0,-8.42,-100,80.46,1070,42.05,0.351
5,150,0.2,14,1,1ATR,2ATR,0,-8.43,-100,94.9,1966,38.9,0.325
5,150,0.1,21,0.5,2ATR,3ATR,0,-8.44,-100,79.86,1062,42.84,0.118
5,50,0.1,14,1,2ATR,3ATR,5,-8.47,-100,74.46,900,36.35,0.185
5,50,0.2,14,0.5,2ATR,3ATR,5,-8.47,-100,74.46,900,36.35,0.185
10,50,0.15,21,0.5,1ATR,2ATR,5,-8.47,-100,84.51,1236,26.53,0.111
20,100,0.15,21,0.5,1ATR,3ATR,5,-8.47,-100,78.45,1016,28.02,0.117
5,100,0.15,21,1,1ATR,2ATR,0,-8.49,-100,95.26,2016,40.17,0.29
5,150,0.15,21,0.5,2ATR,3ATR,0,-8.49,-100,79.94,1062,42.84,0.175
5,150,0.15,21,1,1ATR,0,0,-8.51,-100,46.73,404,45.52,0.32
10,100,0.1,21,0.5,1ATR,3ATR,5,-8.52,-100,78.39,1016,29.13,0.082
5,50,0.1,21,0.5,1ATR,2ATR,0,-8.54,-100,95.76,2100,40.79,0.115
5,50,0.2,21,1,1ATR,3ATR,0,-8.55,-100,91.61,1632,42.73,0.354
20,150,0.2,21,1,2ATR,2ATR,0,-8.55,-100,88.16,1404,40.64,0.342
20,150,0.1,21,0.5,2ATR,2ATR,5,-8.56,-100,74.89,916,29.19,0.084
5,150,0.1,14,0.5,1ATR,0,0,-8.59,-100,45.78,402,45.52,0.124
5,100,0.15,21,1,2ATR,2ATR,0,-8.6,-100,89.24,1470,42.57,0.304
5,50,0.15,21,0.5,2ATR,2ATR,0,-8.62,-100,90.7,1574,43.12,0.177
10,50,0.1,21,0.5,1ATR,2ATR,5,-8.63,-100,84.47,1236,26.53,0.075
20,100,0.1,21,1,1ATR,3ATR,5,-8.63,-100,78.52,1016,28.02,0.15
20,100,0.2,21,0.5,1ATR,3ATR,5,-8.63,-100,78.52,1016,28.02,0.15
5,150,0.1,21,1,2ATR,3ATR,0,-8.64,-100,80.02,1062,42.84,0.225
5,150,0.2,21,0.5,2ATR,3ATR,0,-8.64,-100,80.02,1062,42.84,0.225
10,100,0.1,21,1,1ATR,3ATR,5,-8.64,-100,78.52,1016,29.13,0.154
10,100,0.2,21,0.5,1ATR,3ATR,5,-8.64,-100,78.52,1016,29.13,0.154
10,150,0.2,21,1,1ATR,2ATR,0,-8.64,-100,95.1,1992,38.34,0.324
10,150,0.2,21,1,2ATR,3ATR,5,-8.65,-100,69.45,774,32.69,0.272
5,150,0.15,21,0.5,2ATR,0,0,-8.67,-100,38.24,312,46.04,0.189
10,100,0.15,21,0.5,1ATR,3ATR,5,-8.68,-100,78.46,1016,29.13,0.12
10,50,0.1,21,1,2ATR,2ATR,5,-8.71,-100,78.8,1024,31.38,0.167
10,50,0.2,21,0.5,2ATR,2ATR,5,-8.71,-100,78.8,1024,31.38,0.167
5,150,0.1,21,0.5,2ATR,2ATR,0,-8.72,-100,88.37,1428,41.32,0.116
5,100,0.1,14,1,2ATR,0,0,-8.73,-100,44.31,378,47.22,0.249
5,100,0.2,14,0.5,2ATR,0,0,-8.73,-100,44.31,378,47.22,0.249
5,50,0.15,14,0.5,2ATR,2ATR,0,-8.79,-100,90.5,1560,43.18,0.174
10,150,0.15,21,1,1ATR,0,0,-8.79,-100,47.08,408,45.03,0.316
5,150,0.2,14,1,1ATR,0,0,-8.8,-100,46.86,402,45.52,0.37
5,50,0.1,14,0.5,2ATR,3ATR,5,-8.81,-100,74.3,900,36.35,0.099
5,50,0.15,14,0.5,1ATR,0,5,-8.81,-100,57.3,558,43.28,0.176
5,50,0.15,21,1,2ATR,3ATR,0,-8.83,-100,83.4,1180,44.77,0.315
5,150,0.1,21,1,2ATR,2ATR,0,-8.84,-100,88.47,1428,41.32,0.221
5,150,0.2,21,0.5,2ATR,2ATR,0,-8.84,-100,88.47,1428,41.32,0.221
10,50,0.2,21,1,1ATR,2ATR,0,-8.84,-100,95.86,2102,40.35,0.34
5,150,0.2,21,1,2ATR,2ATR,5,-8.85,-100,77.3,972,29.92,0.254
5,150,0.2,21,1,1ATR,3ATR,0,-8.86,-100,90.25,1532,40.72,0.342
5,100,0.1,21,1,1ATR,0,0,-8.88,-100,52.97,490,46.63,0.251
5,100,0.2,21,0.5,1ATR,0,0,-8.88,-100,52.97,490,46.63,0.251
5,150,0.1,14,1,2ATR,0,0,-8.89,-100,38.12,308,46.05,0.239
5,150,0.1,21,1,2ATR,0,5,-8.89,-100,36.43,290,44.83,0.236
5,150,0.2,14,0.5,2ATR,0,0,-8.89,-100,38.12,308,46.05,0.239
5,150,0.2,21,0.5,2ATR,0,5,-8.89,-100,36.43,290,44.83,0.236
10,150,0.2,21,1,1ATR,0,0,-8.89,-100,47.36,408,45.03,0.371
5,100,0.15,21,0.5,2ATR,0,0,-8.9,-100,44.11,378,47.2,0.196
5,150,0.1,21,0.5,2ATR,0,0,-8.91,-100,37.98,312,46.04,0.127
5,150,0.15,21,0.5,2ATR,2ATR,0,-8.92,-100,88.42,1428,41.32,0.172
5,50,0.1,21,0.5,2ATR,2ATR,0,-8.93,-100,90.67,1574,43.12,0.12
10,150,0.2,14,1,1ATR,0,0,-8.96,-100,47.53,410,45.01,0.37
5,100,0.1,14,1,1ATR,0,0,-8.98,-100,53.09,492,46.62,0.246
5,100,0.2,14,0.5,1ATR,0,0,-8.98,-100,53.09,492,46.62,0.246
5,150,0.15,14,1,2ATR,2ATR,0,-8.99,-100,87.84,1388,41.48,0.292
10,150,0.1,21,1,1ATR,0,0,-8.99,-100,46.74,408,45.03,0.236
10,150,0.2,21,0.5,1ATR,0,0,-8.99,-100,46.74,408,45.03,0.236
5,100,0.1,21,1,2ATR,0,5,-9.01,-100,40.91,338,45.67,0.243
5,100,0.2,21,0.5,2ATR,0,5,-9.01,-100,40.91,338,45.67,0.243
10,150,0.2,21,1,1ATR,3ATR,0,-9.01,-100,90.22,1530,40.27,0.337
20,150,0.2,14,1,2ATR,0,0,-9.01,-100,36.38,282,45.38,0.366
5,50,0.15,14,0.5,2ATR,3ATR,5,-9.04,-100,74.4,900,36.35,0.144
10,50,0.15,21,1,1ATR,3ATR,5,-9.04,-100,80.04,1060,30.13,0.214
20,150,0.1,21,1,2ATR,3ATR,5,-9.06,-100,69.35,778,32.03,0.171
20,150,0.2,21,0.5,2ATR,3ATR,5,-9.06,-100,69.35,778,32.03,0.171
5,100,0.15,14,1,2ATR,0,0,-9.07,-100,44.73,378,47.22,0.329
5,100,0.2,21,1,1ATR,3ATR,0,-9.07,-100,90.89,1576,42.01,0.351
5,150,0.15,21,1,2ATR,0,0,-9.08,-100,38.94,312,46.04,0.322
5,100,0.15,21,1,2ATR,0,0,-9.09,-100,44.76,378,47.2,0.333
5,50,0.15,14,1,1ATR,2ATR,0,-9.12,-100,95.77,2092,40.82,0.288
20,150,0.15,14,0.5,1ATR,0,5,-9.12,-100,38.56,316,41.49,0.168
20,150,0.2,21,1,1ATR,2ATR,0,-9.12,-100,94.93,1968,38.27,0.323
5,150,0.2,21,1,1ATR,0,0,-9.18,-100,47.09,404,45.52,0.372
5,150,0.15,14,1,2ATR,3ATR,0,-9.19,-100,80.87,1086,42.77,0.297
5,150,0.15,21,1,1ATR,2ATR,0,-9.19,-100,95,1980,38.83,0.282
20,150,0.15,21,1,2ATR,0,5,-9.21,-100,31.9,240,43.35,0.299
20,150,0.2,14,1,2ATR,2ATR,0,-9.21,-100,87.42,1362,40.83,0.337
5,100,0.1,21,0.5,2ATR,0,0,-9.22,-100,43.87,378,47.2,0.133
5,50,0.1,14,0.5,2ATR,2ATR,0,-9.23,-100,90.47,1560,43.18,0.118
10,150,0.2,14,1,2ATR,3ATR,5,-9.26,-100,68.67,756,33.07,0.273
20,150,0.15,21,0.5,2ATR,3ATR,5,-9.26,-100,69.25,778,32.03,0.133
20,150,0.2,14,1,1ATR,0,5,-9.27,-100,39.51,316,41.49,0.334
20,150,0.2,14,1,2ATR,0,5,-9.27,-100,31.82,236,43.46,0.347
5,100,0.15,14,1,2ATR,3ATR,5,-9.28,-100,71.1,812,35.45,0.248
5,50,0.15,14,1,1ATR,3ATR,0,-9.29,-100,91.37,1616,42.77,0.297
20,150,0.15,21,1,2ATR,3ATR,0,-9.29,-100,80.41,1070,42.05,0.3
20,50,0.2,21,1,2ATR,2ATR,5,-9.3,-100,78.54,1008,30.95,0.261
20,150,0.1,21,0.5,2ATR,3ATR,5,-9.31,-100,69.14,778,32.03,0.09
5,50,0.1,14,0.5,1ATR,0,5,-9.33,-100,57.13,558,43.28,0.119
10,150,0.15,14,1,1ATR,0,0,-9.35,-100,47.29,410,45.01,0.31
20,150,0.2,21,1,2ATR,0,5,-9.35,-100,32.26,240,43.35,0.349
5,100,0.2,14,1,2ATR,3ATR,0,-9.36,-100,82.32,1134,43.96,0.361
5,150,0.15,21,1,2ATR,2ATR,5,-9.37,-100,77.23,972,29.92,0.217
5,150,0.15,21,0.5,2ATR,2ATR,5,-9.38,-100,77.01,972,29.92,0.125
5,100,0.15,14,1,1ATR,0,0,-9.39,-100,53.46,492,46.62,0.325
5,150,0.1,21,0.5,2ATR,2ATR,5,-9.41,-100,76.93,972,29.92,0.085
5,150,0.15,14,1,2ATR,0,0,-9.43,-100,38.61,308,46.05,0.318
10,50,0.15,21,0.5,2ATR,2ATR,5,-9.43,-100,78.75,1024,31.38,0.13
20,50,0.15,14,1,1ATR,0,5,-9.43,-100,49.22,434,43.23,0.31
5,100,0.15,14,0.5,2ATR,0,0,-9.44,-100,44.14,378,47.22,0.192
5,100,0.15,21,0.5,1ATR,0,0,-9.45,-100,52.8,490,46.63,0.192
10,150,0.1,14,1,1ATR,0,0,-9.45,-100,46.94,410,45.01,0.232
10,150,0.2,14,0.5,1ATR,0,0,-9.45,-100,46.94,410,45.01,0.232
20,150,0.1,14,0.5,1ATR,0,5,-9.46,-100,38.32,316,41.49,0.113
5,100,0.15,14,1,2ATR,2ATR,0,-9.47,-100,88.84,1444,42.68,0.3
5,100,0.15,21,1,1ATR,0,0,-9.47,-100,53.36,490,46.63,0.33
10,50,0.2,14,1,1ATR,2ATR,0,-9.48,-100,95.75,2084,40.42,0.336
20,50,0.2,14,1,1ATR,0,5,-9.5,-100,49.55,434,43.23,0.367
20,150,0.1,14,1,1ATR,0,5,-9.5,-100,38.82,316,41.49,0.212
20,150,0.2,14,0.5,1ATR,0,5,-9.5,-100,38.82,316,41.49,0.212
5,100,0.1,21,0.5,2ATR,2ATR,0,-9.51,-100,89.09,1470,42.57,0.118
20,150,0.15,14,1,2ATR,0,0,-9.51,-100,36.14,282,45.38,0.312
5,100,0.2,14,1,2ATR,0,0,-9.52,-100,45.11,378,47.22,0.383
5,100,0.2,21,1,2ATR,0,0,-9.52,-100,45.15,378,47.2,0.388
20,50,0.2,21,1,2ATR,3ATR,0,-9.52,-100,82.13,1126,44.74,0.372
20,50,0.15,21,1,1ATR,0,5,-9.53,-100,49.1,432,43.29,0.312
5,150,0.15,21,0.5,2ATR,0,5,-9.54,-100,36.23,290,44.83,0.182
10,50,0.2,14,1,2ATR,3ATR,0,-9.56,-100,82.96,1158,44.41,0.365
20,150,0.1,14,1,2ATR,3ATR,0,-9.56,-100,80.74,1086,42,0.216
20,150,0.2,14,0.5,2ATR,3ATR,0,-9.56,-100,80.74,1086,42,0.216
5,150,0.1,21,1,2ATR,2ATR,5,-9.57,-100,77.1,972,29.92,0.16
5,150,0.2,21,0.5,2ATR,2ATR,5,-9.57,-100,77.1,972,29.92,0.16
10,50,0.15,21,1,2ATR,2ATR,0,-9.57,-100,90.14,1526,42.91,0.307
10,150,0.15,21,0.5,1ATR,0,0,-9.57,-100,46.57,408,45.03,0.183
5,100,0.15,21,0.5,2ATR,2ATR,0,-9.58,-100,89.14,1470,42.57,0.176
5,150,0.15,21,1,2ATR,0,5,-9.58,-100,36.94,290,44.83,0.311
10,150,0.2,14,1,1ATR,3ATR,0,-9.59,-100,89.96,1512,40.33,0.333
5,100,0.15,14,0.5,1ATR,0,0,-9.61,-100,52.93,492,46.62,0.188
5,100,0.15,21,0.5,2ATR,0,5,-9.61,-100,40.7,338,45.67,0.188
5,100,0.1,21,1,2ATR,2ATR,0,-9.62,-100,89.19,1470,42.57,0.226
5,100,0.2,21,0.5,2ATR,2ATR,0,-9.62,-100,89.19,1470,42.57,0.226
5,150,0.1,21,1,1ATR,0,5,-9.62,-100,42.67,358,42.98,0.229
5,150,0.2,21,0.5,1ATR,0,5,-9.62,-100,42.67,358,42.98,0.229
10,50,0.1,14,1,2ATR,3ATR,5,-9.63,-100,71.43,824,35.64,0.182
10,50,0.2,14,0.5,2ATR,3ATR,5,-9.63,-100,71.43,824,35.64,0.182
5,100,0.1,14,1,2ATR,0,5,-9.64,-100,41.13,340,45.69,0.239
5,100,0.2,14,0.5,2ATR,0,5,-9.64,-100,41.13,340,45.69,0.239
5,150,0.15,14,0.5,2ATR,0,0,-9.64,-100,37.93,308,46.05,0.184
10,50,0.1,21,0.5,2ATR,2ATR,5,-9.64,-100,78.67,1024,31.38,0.088
10,100,0.2,21,1,1ATR,2ATR,0,-9.64,-100,95.27,2012,39.62,0.334
5,150,0.1,14,1,2ATR,0,5,-9.65,-100,36.5,290,44.86,0.231
5,150,0.2,14,0.5,2ATR,0,5,-9.65,-100,36.5,290,44.86,0.231
5,100,0.1,21,0.5,1ATR,0,0,-9.66,-100,52.57,490,46.63,0.129
20,50,0.1,14,1,1ATR,0,5,-9.66,-100,48.85,434,43.23,0.228
20,50,0.2,14,0.5,1ATR,0,5,-9.66,-100,48.85,434,43.23,0.228
20,150,0.15,14,1,1ATR,0,5,-9.69,-100,39.27,316,41.49,0.284
20,150,0.15,14,1,2ATR,0,5,-9.7,-100,31.55,236,43.46,0.295
10,50,0.2,14,1,1ATR,0,0,-9.72,-100,60.62,598,46.77,0.391
10,50,0.2,14,1,1ATR,3ATR,0,-9.72,-100,91.68,1636,42.34,0.35
5,150,0.2,21,1,2ATR,0,0,-9.73,-100,39.38,312,46.04,0.376
5,100,0.2,14,1,1ATR,0,0,-9.74,-100,53.79,492,46.62,0.38
20,50,0.2,21,1,2ATR,3ATR,5,-9.76,-100,71.45,816,35.13,0.29
5,100,0.1,14,0.5,2ATR,0,0,-9.77,-100,43.89,378,47.22,0.131
5,50,0.1,21,1,2ATR,3ATR,0,-9.78,-100,83.31,1180,44.77,0.232
5,50,0.2,21,0.5,2ATR,3ATR,0,-9.78,-100,83.31,1180,44.77,0.232
10,150,0.2,14,1,2ATR,2ATR,0,-9.78,-100,87.85,1384,40.96,0.339
5,100,0.2,21,1,1ATR,0,0,-9.79,-100,53.69,490,46.63,0.384
5,150,0.15,14,1,2ATR,0,5,-9.79,-100,36.96,290,44.86,0.309
20,150,0.2,14,1,1ATR,3ATR,0,-9.79,-100,90.15,1524,40.08,0.331
5,150,0.1,21,0.5,2ATR,0,5,-9.84,-100,35.94,290,44.83,0.123
5,100,0.1,14,0.5,1ATR,0,0,-9.85,-100,52.71,492,46.62,0.127
5,100,0.15,21,1,2ATR,0,5,-9.85,-100,41.43,338,45.67,0.319
5,50,0.15,21,1,1ATR,3ATR,0,-9.86,-100,91.59,1632,42.73,0.301
20,150,0.1,21,1,1ATR,0,5,-9.86,-100,38.9,316,41.52,0.217
20,150,0.15,21,0.5,1ATR,0,5,-9.86,-100,38.65,316,41.52,0.171
20,150,0.2,21,0.5,1ATR,0,5,-9.86,-100,38.9,316,41.52,0.217
20,50,0.15,21,0.5,2ATR,2ATR,5,-9.87,-100,78.24,1008,30.95,0.129
5,150,0.15,21,1,1ATR,3ATR,0,-9.88,-100,90.22,1532,40.72,0.291
20,150,0.1,14,1,2ATR,0,0,-9.88,-100,35.73,282,45.38,0.232
20,150,0.2,14,0.5,2ATR,0,0,-9.88,-100,35.73,282,45.38,0.232
5,150,0.1,14,1,2ATR,3ATR,0,-9.89,-100,80.76,1086,42.77,0.218
5,150,0.2,14,0.5,2ATR,3ATR,0,-9.89,-100,80.76,1086,42.77,0.218
20,150,0.15,21,1,2ATR,0,0,-9.89,-100,36.81,288,45.33,0.317
10,50,0.2,14,1,2ATR,2ATR,0,-9.9,-100,89.81,1500,42.98,0.355
5,100,0.1,14,0.5,2ATR,3ATR,5,-9.91,-100,70.7,812,35.45,0.097
5,150,0.15,14,1,1ATR,2ATR,0,-9.91,-100,94.9,1966,38.9,0.278
5,150,0.1,14,1,2ATR,2ATR,0,-9.93,-100,87.77,1388,41.48,0.217
5,150,0.2,14,0.5,2ATR,2ATR,0,-9.93,-100,87.77,1388,41.48,0.217
5,150,0.15,21,0.5,1ATR,0,5,-9.94,-100,42.43,358,42.98,0.176
10,150,0.2,21,1,2ATR,2ATR,5,-9.94,-100,76.32,942,29.13,0.247
5,150,0.2,14,1,2ATR,0,0,-9.95,-100,39.04,308,46.05,0.373
5,150,0.2,21,1,2ATR,0,5,-9.95,-100,37.36,290,44.83,0.365
10,150,0.1,21,0.5,1ATR,0,0,-9.95,-100,46.34,408,45.03,0.123
20,50,0.1,21,1,1ATR,0,5,-9.95,-100,48.73,432,43.29,0.229
20,50,0.2,21,0.5,1ATR,0,5,-9.95,-100,48.73,432,43.29,0.229
20,150,0.15,14,0.5,2ATR,3ATR,0,-9.95,-100,80.67,1086,42,0.167
5,150,0.1,14,0.5,2ATR,0,0,-9.96,-100,37.66,308,46.05,0.125
5,150,0.2,14,1,1ATR,3ATR,0,-9.96,-100,89.77,1498,40.88,0.338
10,150,0.15,21,1,2ATR,3ATR,5,-9.96,-100,69.4,774,32.69,0.233
20,150,0.1,21,1,2ATR,0,5,-9.96,-100,31.53,240,43.35,0.221
20,150,0.2,21,0.5,2ATR,0,5,-9.96,-100,31.53,240,43.35,0.221
10,150,0.2,21,1,2ATR,3ATR,0,-9.97,-100,79.61,1038,42.42,0.354
20,50,0.1,14,0.5,1ATR,0,5,-9.97,-100,48.4,434,43.23,0.121
5,100,0.15,14,1,2ATR,0,5,-9.99,-100,41.6,340,45.69,0.316
20,150,0.15,21,1,1ATR,0,5,-9.99,-100,39.36,316,41.52,0.291
20,150,0.2,21,1,2ATR,0,0,-9.99,-100,37.17,288,45.33,0.369
5,100,0.1,21,0.5,2ATR,0,5,-10,-100,40.43,338,45.67,0.127
5,100,0.2,21,1,2ATR,3ATR,0,-10,-100,81.33,1096,44.12,0.367
20,50,0.15,14,0.5,1ATR,0,5,-10,-100,48.66,434,43.23,0.178
20,50,0.15,21,1,2ATR,2ATR,5,-10,-100,78.47,1008,30.95,0.224
20,150,0.1,14,0.5,2ATR,3ATR,0,-10.01,-100,80.59,1086,42,0.113
5,150,0.1,14,0.5,2ATR,2ATR,0,-10.02,-100,87.67,1388,41.48,0.114
5,150,0.1,14,1,1ATR,0,5,-10.02,-100,43.03,362,42.97,0.223
5,150,0.2,14,0.5,1ATR,0,5,-10.02,-100,43.03,362,42.97,0.223
20,50,0.2,21,1,1ATR,0,5,-10.04,-100,49.49,432,43.29,0.367
5,150,0.1,14,0.5,2ATR,3ATR,0,-10.05,-100,80.59,1086,42.77,0.114
20,50,0.1,21,0.5,1ATR,0,5,-10.05,-100,48.25,432,43.29,0.121
20,50,0.1,21,0.5,2ATR,2ATR,5,-10.05,-100,78.16,1008,30.95,0.088
20,50,0.15,21,0.5,1ATR,0,5,-10.06,-100,48.51,432,43.29,0.179
20,100,0.2,14,1,2ATR,2ATR,5,-10.09,-100,76.19,938,29.75,0.246
20,150,0.15,14,0.5,2ATR,0,0,-10.1,-100,35.48,282,45.38,0.183
20,150,0.2,21,1,1ATR,0,5,-10.12,-100,39.7,316,41.52,0.338
5,150,0.1,21,0.5,1ATR,0,5,-10.13,-100,42.16,358,42.98,0.119
5,150,0.15,14,0.5,2ATR,2ATR,0,-10.13,-100,87.73,1388,41.48,0.169
20,150,0.1,21,0.5,1ATR,0,5,-10.15,-100,38.38,316,41.52,0.115
5,100,0.2,14,1,1ATR,2ATR,0,-10.16,-100,95.29,2014,40.19,0.334
10,150,0.15,14,1,2ATR,3ATR,5,-10.17,-100,68.58,756,33.07,0.234
10,150,0.15,21,1,2ATR,2ATR,5,-10.17,-100,76.21,942,29.13,0.212
5,150,0.15,14,0.5,1ATR,0,5,-10.18,-100,42.78,362,42.97,0.174
5,150,0.15,14,0.5,2ATR,3ATR,0,-10.18,-100,80.69,1086,42.77,0.169
5,50,0.15,21,0.5,2ATR,3ATR,0,-10.19,-100,83.24,1180,44.77,0.181
10,150,0.15,14,0.5,1ATR,0,0,-10.19,-100,46.77,410,45.01,0.179
5,150,0.2,14,1,2ATR,0,5,-10.21,-100,37.39,290,44.86,0.363
5,150,0.2,14,1,2ATR,3ATR,5,-10.21,-100,69.99,782,34.12,0.282
20,150,0.2,21,1,1ATR,3ATR,0,-10.21,-100,90.51,1548,39.98,0.335
20,150,0.15,21,0.5,2ATR,0,5,-10.23,-100,31.28,240,43.35,0.174
5,50,0.1,21,0.5,2ATR,3ATR,0,-10.24,-100,83.16,1180,44.77,0.122
20,50,0.1,21,1,2ATR,2ATR,5,-10.24,-100,78.33,1008,30.95,0.166
20,50,0.2,21,0.5,2ATR,2ATR,5,-10.24,-100,78.33,1008,30.95,0.166
5,100,0.1,14,1,2ATR,3ATR,5,-10.26,-100,70.95,812,35.45,0.182
5,100,0.2,14,0.5,2ATR,3ATR,5,-10.26,-100,70.95,812,35.45,0.182
20,150,0.1,21,1,2ATR,0,0,-10.27,-100,36.37,288,45.33,0.237
20,150,0.2,21,0.5,2ATR,0,0,-10.27,-100,36.37,288,45.33,0.237
5,100,0.2,21,1,2ATR,0,5,-10.29,-100,41.88,338,45.67,0.375
10,150,0.2,14,1,1ATR,2ATR,0,-10.29,-100,95.04,1980,38.38,0.32
10,50,0.2,21,1,1ATR,0,0,-10.31,-100,61.32,608,46.73,0.393
20,150,0.15,21,1,2ATR,2ATR,0,-10.32,-100,88.16,1404,40.64,0.294
5,100,0.15,14,0.5,2ATR,3ATR,5,-10.33,-100,70.84,812,35.45,0.141
10,150,0.15,21,1,1ATR,3ATR,0,-10.33,-100,90.2,1530,40.27,0.288
20,50,0.2,14,1,2ATR,3ATR,0,-10.35,-100,82.59,1142,44.64,0.367
5,100,0.1,21,1,1ATR,2ATR,0,-10.36,-100,95.24,2016,40.17,0.216
5,100,0.2,21,0.5,1ATR,2ATR,0,-10.36,-100,95.24,2016,40.17,0.216
20,100,0.1,21,0.5,1ATR,0,0,-10.36,-100,49.83,452,45.52,0.129
10,50,0.15,14,1,2ATR,0,0,-10.37,-100,51.36,460,47.38,0.337
10,50,0.1,14,1,1ATR,3ATR,5,-10.38,-100,79.78,1054,30.32,0.159
10,50,0.2,14,0.5,1ATR,3ATR,5,-10.38,-100,79.78,1054,30.32,0.159
10,150,0.1,21,1,1ATR,0,5,-10.38,-100,41.48,344,41.7,0.219
10,150,0.2,21,0.5,1ATR,0,5,-10.38,-100,41.48,344,41.7,0.219
5,100,0.1,14,1,2ATR,2ATR,0,-10.4,-100,88.77,1444,42.68,0.222
5,100,0.2,14,0.5,2ATR,2ATR,0,-10.4,-100,88.77,1444,42.68,0.222
10,50,0.15,14,1,1ATR,0,0,-10.41,-100,60.44,598,46.77,0.329
5,100,0.1,14,0.5,2ATR,2ATR,0,-10.42,-100,88.67,1444,42.68,0.117
5,100,0.2,14,1,1ATR,3ATR,0,-10.42,-100,90.84,1570,42.04,0.347
5,150,0.1,14,0.5,1ATR,0,5,-10.43,-100,42.52,362,42.97,0.118
10,50,0.15,21,1,2ATR,0,0,-10.43,-100,51.39,460,47.4,0.341
5,50,0.1,14,1,1ATR,2ATR,0,-10.44,-100,95.75,2092,40.82,0.214
5,50,0.2,14,0.5,1ATR,2ATR,0,-10.44,-100,95.75,2092,40.82,0.214
5,100,0.2,14,1,2ATR,0,5,-10.45,-100,42.05,340,45.69,0.372
5,50,0.1,14,1,1ATR,3ATR,0,-10.46,-100,91.33,1616,42.77,0.219
5,50,0.2,14,0.5,1ATR,3ATR,0,-10.46,-100,91.33,1616,42.77,0.219
5,150,0.15,14,0.5,2ATR,0,5,-10.46,-100,36.3,290,44.86,0.178
20,150,0.1,21,0.5,2ATR,3ATR,0,-10.46,-100,80.13,1070,42.05,0.116
5,100,0.15,14,0.5,2ATR,0,5,-10.47,-100,40.93,340,45.69,0.185
10,150,0.2,14,1,2ATR,3ATR,0,-10.47,-100,81.21,1092,42.18,0.347
10,150,0.15,21,1,1ATR,0,5,-10.48,-100,41.93,344,41.7,0.292
20,150,0.15,21,0.5,2ATR,3ATR,0,-10.48,-100,80.23,1070,42.05,0.172
20,150,0.1,21,1,2ATR,3ATR,0,-10.5,-100,80.32,1070,42.05,0.222
20,150,0.2,21,0.5,2ATR,3ATR,0,-10.5,-100,80.32,1070,42.05,0.222
20,100,0.15,14,1,2ATR,2ATR,5,-10.51,-100,76.1,938,29.75,0.211
10,50,0.2,14,1,2ATR,0,0,-10.53,-100,51.71,460,47.38,0.395
20,100,0.1,21,1,1ATR,0,0,-10.56,-100,50.34,452,45.52,0.241
20,100,0.2,21,0.5,1ATR,0,0,-10.56,-100,50.34,452,45.52,0.241
20,150,0.2,14,1,1ATR,0,0,-10.56,-100,47.32,404,44.77,0.366
5,100,0.1,21,0.5,1ATR,2ATR,0,-10.57,-100,95.2,2016,40.17,0.114
10,50,0.15,14,0.5,2ATR,3ATR,5,-10.57,-100,71.36,824,35.64,0.142
10,50,0.15,21,1,1ATR,0,0,-10.57,-100,61.08,608,46.73,0.335
10,150,0.15,21,1,1ATR,2ATR,0,-10.57,-100,95.1,1992,38.34,0.278
20,150,0.15,21,0.5,2ATR,0,0,-10.57,-100,36.12,288,45.33,0.186
5,150,0.1,21,1,1ATR,3ATR,0,-10.58,-100,90.16,1532,40.72,0.215
5,150,0.2,21,0.5,1ATR,3ATR,0,-10.58,-100,90.16,1532,40.72,0.215
20,100,0.1,14,0.5,1ATR,0,0,-10.58,-100,50.29,458,45.49,0.128
10,50,0.2,21,1,2ATR,0,0,-10.61,-100,51.76,460,47.4,0.398
10,150,0.15,21,0.5,2ATR,2ATR,5,-10.62,-100,75.98,942,29.13,0.122
20,100,0.2,21,1,1ATR,2ATR,0,-10.62,-100,95.25,2008,38.98,0.328
5,100,0.15,14,1,2ATR,3ATR,0,-10.63,-100,82.27,1134,43.96,0.304
5,150,0.1,21,0.5,1ATR,3ATR,0,-10.63,-100,90.07,1532,40.72,0.112
10,150,0.15,14,1,1ATR,3ATR,0,-10.63,-100,89.93,1512,40.33,0.283
5,100,0.15,14,0.5,2ATR,2ATR,0,-10.64,-100,88.73,1444,42.68,0.172
5,100,0.15,21,1,1ATR,3ATR,0,-10.64,-100,90.87,1576,42.01,0.299
10,50,0.1,14,1,1ATR,0,0,-10.64,-100,60.12,598,46.77,0.245
10,50,0.1,14,1,2ATR,0,0,-10.64,-100,50.95,460,47.38,0.249
10,50,0.2,14,0.5,1ATR,0,0,-10.64,-100,60.12,598,46.77,0.245
10,50,0.2,14,0.5,2ATR,0,0,-10.64,-100,50.95,460,47.38,0.249
10,150,0.15,21,1,2ATR,3ATR,0,-10.64,-100,79.52,1038,42.42,0.301
10,50,0.15,21,1,1ATR,2ATR,0,-10.65,-100,95.86,2102,40.35,0.291
10,150,0.1,14,0.5,1ATR,0,0,-10.65,-100,46.54,410,45.01,0.121
20,150,0.1,14,0.5,2ATR,0,0,-10.66,-100,35.21,282,45.38,0.123
10,150,0.2,21,1,2ATR,2ATR,0,-10.67,-100,88.69,1430,40.77,0.343
10,150,0.1,21,1,2ATR,2ATR,5,-10.69,-100,76.08,942,29.13,0.157
10,150,0.2,21,0.5,2ATR,2ATR,5,-10.69,-100,76.08,942,29.13,0.157
10,50,0.1,14,0.5,2ATR,3ATR,5,-10.71,-100,71.24,824,35.64,0.097
10,150,0.2,14,1,1ATR,0,5,-10.71,-100,42.64,348,41.56,0.341
5,50,0.1,21,1,1ATR,3ATR,0,-10.73,-100,91.54,1632,42.73,0.221
5,50,0.2,21,0.5,1ATR,3ATR,0,-10.73,-100,91.54,1632,42.73,0.221
5,150,0.15,21,0.5,1ATR,3ATR,0,-10.73,-100,90.12,1532,40.72,0.166
10,150,0.15,21,0.5,1ATR,0,5,-10.74,-100,41.25,344,41.7,0.171
20,150,0.15,14,1,1ATR,3ATR,0,-10.75,-100,90.12,1524,40.08,0.283
5,100,0.15,21,0.5,1ATR,2ATR,0,-10.76,-100,95.22,2016,40.17,0.168
20,150,0.1,21,0.5,2ATR,0,5,-10.76,-100,30.99,240,43.35,0.119
20,50,0.15,21,1,2ATR,3ATR,0,-10.79,-100,82.08,1126,44.74,0.315
20,100,0.15,21,0.5,1ATR,0,0,-10.79,-100,50.11,452,45.52,0.188
20,50,0.2,14,1,2ATR,2ATR,0,-10.81,-100,89.59,1484,43.23,0.358
10,150,0.1,14,0.5,2ATR,3ATR,5,-10.83,-100,68.14,756,33.07,0.091
5,100,0.15,21,1,2ATR,3ATR,0,-10.84,-100,81.26,1096,44.12,0.312
5,150,0.1,14,0.5,2ATR,0,5,-10.84,-100,36,290,44.86,0.121
10,150,0.15,14,0.5,2ATR,3ATR,5,-10.84,-100,68.27,756,33.07,0.133
10,50,0.1,21,1,2ATR,0,0,-10.85,-100,50.99,460,47.4,0.251
10,50,0.15,14,1,2ATR,3ATR,0,-10.85,-100,82.92,1158,44.41,0.308
10,50,0.2,21,0.5,2ATR,0,0,-10.85,-100,50.99,460,47.4,0.251
10,150,0.1,21,0.5,2ATR,2ATR,5,-10.86,-100,75.89,942,29.13,0.084
10,150,0.2,21,1,1ATR,0,5,-10.86,-100,42.33,344,41.7,0.343
20,150,0.2,14,1,1ATR,2ATR,0,-10.86,-100,94.83,1952,38.32,0.32
5,100,0.1,14,0.5,2ATR,0,5,-10.88,-100,40.65,340,45.69,0.126
5,150,0.15,14,1,1ATR,3ATR,0,-10.88,-100,89.73,1498,40.88,0.287
10,150,0.1,14,1,2ATR,3ATR,5,-10.88,-100,68.4,756,33.07,0.172
10,150,0.2,14,0.5,2ATR,3ATR,5,-10.88,-100,68.4,756,33.07,0.172
20,150,0.1,14,1,2ATR,0,5,-10.91,-100,31.22,236,43.46,0.217
20,150,0.2,14,0.5,2ATR,0,5,-10.91,-100,31.22,236,43.46,0.217
20,150,0.2,21,1,1ATR,0,0,-10.91,-100,46.9,398,44.8,0.367
10,150,0.1,21,0.5,2ATR,3ATR,5,-10.92,-100,68.99,774,32.69,0.091
20,150,0.15,21,1,1ATR,2ATR,0,-10.93,-100,94.93,1968,38.27,0.279
5,150,0.15,14,1,1ATR,0,5,-10.94,-100,43.56,362,42.97,0.296
10,50,0.1,21,1,1ATR,0,0,-10.95,-100,60.76,608,46.73,0.248
10,50,0.2,21,0.5,1ATR,0,0,-10.95,-100,60.76,608,46.73,0.248
10,50,0.1,21,1,2ATR,2ATR,0,-10.96,-100,90.09,1526,42.91,0.227
10,50,0.2,21,0.5,2ATR,2ATR,0,-10.96,-100,90.09,1526,42.91,0.227
20,150,0.15,14,1,2ATR,2ATR,0,-10.96,-100,87.41,1362,40.83,0.289
20,150,0.1,21,0.5,2ATR,0,0,-10.97,-100,35.82,288,45.33,0.125
5,150,0.15,14,1,2ATR,3ATR,5,-11,-100,69.88,782,34.12,0.24
10,150,0.1,21,1,2ATR,3ATR,5,-11.01,-100,69.25,774,32.69,0.172
10,150,0.2,21,0.5,2ATR,3ATR,5,-11.01,-100,69.25,774,32.69,0.172
5,100,0.1,21,0.5,2ATR,3ATR,0,-11.04,-100,80.91,1096,44.12,0.12
5,150,0.1,14,0.5,2ATR,3ATR,5,-11.04,-100,69.38,782,34.12,0.094
20,100,0.1,21,0.5,2ATR,0,0,-11.04,-100,40.69,340,46.08,0.129
5,50,0.15,14,0.5,1ATR,2ATR,0,-11.05,-100,95.74,2092,40.82,0.167
5,150,0.15,21,1,1ATR,0,5,-11.05,-100,43.25,358,42.98,0.298
20,100,0.1,14,1,1ATR,0,0,-11.07,-100,50.82,458,45.49,0.238
20,100,0.2,14,0.5,1ATR,0,0,-11.07,-100,50.82,458,45.49,0.238
10,150,0.15,21,0.5,2ATR,3ATR,5,-11.08,-100,69.13,774,32.69,0.134
20,150,0.15,21,1,1ATR,0,0,-11.08,-100,46.6,398,44.8,0.314
10,150,0.1,21,0.5,1ATR,0,5,-11.09,-100,40.98,344,41.7,0.115
10,150,0.1,21,0.5,2ATR,3ATR,0,-11.09,-100,79.17,1038,42.42,0.116
10,150,0.15,14,1,2ATR,2ATR,0,-11.09,-100,87.82,1384,40.96,0.288
20,50,0.1,21,0.5,2ATR,3ATR,0,-11.09,-100,81.75,1126,44.74,0.122
5,100,0.1,21,1,1ATR,0,5,-11.13,-100,48.7,430,43.46,0.23
5,100,0.2,21,0.5,1ATR,0,5,-11.13,-100,48.7,430,43.46,0.23
10,150,0.1,14,1,1ATR,0,5,-11.14,-100,41.88,348,41.56,0.214
10,150,0.15,14,1,1ATR,0,5,-11.14,-100,42.34,348,41.56,0.286
10,150,0.2,14,0.5,1ATR,0,5,-11.14,-100,41.88,348,41.56,0.214
10,50,0.2,21,1,2ATR,0,5,-11.16,-100,47.11,398,45.19,0.379
20,50,0.15,21,1,2ATR,3ATR,5,-11.17,-100,71.39,816,35.13,0.247
20,100,0.15,14,0.5,1ATR,0,0,-11.17,-100,50.58,458,45.49,0.185
5,150,0.2,14,1,1ATR,0,5,-11.18,-100,43.94,362,42.97,0.347
5,50,0.1,14,0.5,1ATR,2ATR,0,-11.19,-100,95.72,2092,40.82,0.114
20,50,0.2,14,1,2ATR,3ATR,5,-11.19,-100,71.22,808,35.26,0.291
5,100,0.1,14,1,1ATR,0,5,-11.2,-100,49.59,442,43.18,0.224
5,100,0.2,14,0.5,1ATR,0,5,-11.2,-100,49.59,442,43.18,0.224
10,50,0.15,14,1,1ATR,2ATR,0,-11.2,-100,95.74,2084,40.42,0.287
20,100,0.1,21,1,2ATR,0,0,-11.2,-100,41.33,340,46.08,0.241
20,100,0.2,21,0.5,2ATR,0,0,-11.2,-100,41.33,340,46.08,0.241
10,50,0.15,14,1,1ATR,3ATR,0,-11.22,-100,91.67,1636,42.34,0.297
10,150,0.15,21,1,2ATR,0,0,-11.23,-100,39.04,310,45.51,0.311
20,150,0.15,14,0.5,2ATR,0,5,-11.23,-100,30.95,236,43.46,0.171
20,150,0.15,14,1,1ATR,0,0,-11.24,-100,47.09,404,44.77,0.31
10,150,0.1,21,1,2ATR,0,0,-11.26,-100,38.54,310,45.51,0.233
10,150,0.15,21,0.5,2ATR,3ATR,0,-11.26,-100,79.28,1038,42.42,0.172
10,150,0.2,21,0.5,2ATR,0,0,-11.26,-100,38.54,310,45.51,0.233
10,50,0.15,14,1,2ATR,2ATR,0,-11.27,-100,89.79,1500,42.98,0.302
20,150,0.1,21,1,1ATR,0,0,-11.27,-100,46.16,398,44.8,0.234
20,150,0.2,21,0.5,1ATR,0,0,-11.27,-100,46.16,398,44.8,0.234
5,50,0.15,14,0.5,1ATR,3ATR,0,-11.28,-100,91.3,1616,42.77,0.17
10,50,0.1,21,1,1ATR,3ATR,5,-11.3,-100,79.99,1060,30.13,0.158
10,50,0.2,21,0.5,1ATR,3ATR,5,-11.3,-100,79.99,1060,30.13,0.158
10,50,0.2,21,1,1ATR,0,5,-11.3,-100,55.68,516,42.32,0.357
20,100,0.1,14,0.5,2ATR,2ATR,5,-11.3,-100,75.76,938,29.75,0.084
5,100,0.15,21,0.5,2ATR,3ATR,0,-11.31,-100,81.02,1096,44.12,0.178
5,150,0.15,14,0.5,2ATR,3ATR,5,-11.32,-100,69.53,782,34.12,0.138
20,100,0.2,14,1,2ATR,3ATR,5,-11.32,-100,69.21,764,33.49,0.274
10,150,0.1,21,0.5,1ATR,3ATR,0,-11.33,-100,90.05,1530,40.27,0.111
20,100,0.15,14,0.5,2ATR,2ATR,5,-11.33,-100,75.87,938,29.75,0.121
10,50,0.1,21,0.5,2ATR,2ATR,0,-11.34,-100,89.99,1526,42.91,0.12
20,50,0.2,14,1,1ATR,0,0,-11.34,-100,57.27,540,47.19,0.392
5,150,0.2,21,1,1ATR,0,5,-11.35,-100,43.65,358,42.98,0.349
10,50,0.15,14,0.5,2ATR,0,0,-11.36,-100,50.74,460,47.38,0.19
10,50,0.2,14,1,2ATR,0,5,-11.36,-100,47.28,400,45.15,0.376
5,50,0.15,21,0.5,1ATR,3ATR,0,-11.37,-100,91.51,1632,42.73,0.172
5,100,0.15,14,0.5,1ATR,0,5,-11.37,-100,49.35,442,43.18,0.174
20,100,0.1,14,1,2ATR,2ATR,5,-11.37,-100,75.97,938,29.75,0.156
20,100,0.2,14,0.5,2ATR,2ATR,5,-11.37,-100,75.97,938,29.75,0.156
5,100,0.1,14,1,2ATR,3ATR,0,-11.38,-100,82.15,1134,43.96,0.223
5,100,0.2,14,0.5,2ATR,3ATR,0,-11.38,-100,82.15,1134,43.96,0.223
5,150,0.1,21,1,1ATR,2ATR,0,-11.38,-100,94.98,1980,38.83,0.21
5,150,0.2,21,0.5,1ATR,2ATR,0,-11.38,-100,94.98,1980,38.83,0.21
5,100,0.1,14,0.5,2ATR,3ATR,0,-11.4,-100,81.97,1134,43.96,0.116
20,50,0.15,21,0.5,2ATR,3ATR,0,-11.41,-100,81.86,1126,44.74,0.181
5,50,0.1,21,0.5,1ATR,3ATR,0,-11.42,-100,91.46,1632,42.73,0.117
10,50,0.15,21,0.5,2ATR,2ATR,0,-11.42,-100,90.05,1526,42.91,0.177
10,150,0.1,21,1,1ATR,3ATR,0,-11.42,-100,90.14,1530,40.27,0.212
10,150,0.2,21,0.5,1ATR,3ATR,0,-11.42,-100,90.14,1530,40.27,0.212
20,100,0.2,21,1,2ATR,3ATR,0,-11.42,-100,81.68,1106,42.85,0.355
5,100,0.1,21,1,2ATR,3ATR,0,-11.43,-100,81.12,1096,44.12,0.229
5,100,0.2,21,0.5,2ATR,3ATR,0,-11.43,-100,81.12,1096,44.12,0.229
10,150,0.15,14,0.5,1ATR,0,5,-11.43,-100,41.64,348,41.56,0.167
20,150,0.1,14,1,1ATR,0,0,-11.43,-100,46.65,404,44.77,0.232
20,150,0.15,21,0.5,1ATR,0,0,-11.43,-100,45.91,398,44.8,0.184
20,150,0.2,14,0.5,1ATR,0,0,-11.43,-100,46.65,404,44.77,0.232
5,50,0.1,14,0.5,1ATR,3ATR,0,-11.45,-100,91.25,1616,42.77,0.115
10,100,0.15,21,1,1ATR,2ATR,0,-11.45,-100,95.26,2012,39.62,0.286
20,100,0.15,21,0.5,2ATR,0,0,-11.46,-100,41.05,340,46.08,0.188
20,150,0.15,21,1,1ATR,3ATR,0,-11.46,-100,90.49,1548,39.98,0.287
10,50,0.15,21,1,2ATR,0,5,-11.47,-100,46.76,398,45.19,0.321
10,100,0.1,21,1,1ATR,0,0,-11.47,-100,51.42,466,46.15,0.239
10,100,0.2,21,0.5,1ATR,0,0,-11.47,-100,51.42,466,46.15,0.239
20,150,0.15,14,0.5,1ATR,0,0,-11.48,-100,46.39,404,44.77,0.182
10,50,0.15,14,0.5,1ATR,0,0,-11.49,-100,59.97,598,46.77,0.188
5,150,0.1,14,1,2ATR,3ATR,5,-11.5,-100,69.67,782,34.12,0.178
5,150,0.2,14,0.5,2ATR,3ATR,5,-11.5,-100,69.67,782,34.12,0.178
10,100,0.2,14,1,1ATR,3ATR,0,-11.5,-100,90.78,1564,41.52,0.343
20,100,0.2,21,1,2ATR,3ATR,5,-11.5,-100,70.14,784,33.15,0.275
10,50,0.15,21,0.5,2ATR,0,0,-11.51,-100,50.77,460,47.4,0.192
5,100,0.15,14,1,1ATR,2ATR,0,-11.52,-100,95.28,2014,40.19,0.286
10,50,0.2,14,1,1ATR,0,5,-11.52,-100,55.82,518,42.32,0.354
20,50,0.1,14,0.5,1ATR,0,0,-11.54,-100,56.08,540,47.19,0.13
10,150,0.15,21,0.5,1ATR,3ATR,0,-11.56,-100,90.1,1530,40.27,0.165
20,50,0.1,14,1,1ATR,0,0,-11.56,-100,56.57,540,47.19,0.245
20,50,0.2,14,0.5,1ATR,0,0,-11.56,-100,56.57,540,47.19,0.245
20,50,0.15,14,1,2ATR,3ATR,0,-11.58,-100,82.53,1142,44.64,0.31
10,100,0.1,14,1,1ATR,0,0,-11.59,-100,51.27,464,46.16,0.235
10,100,0.2,14,0.5,1ATR,0,0,-11.59,-100,51.27,464,46.16,0.235
10,100,0.2,14,1,2ATR,2ATR,0,-11.59,-100,88.24,1402,42.29,0.348
20,100,0.2,21,1,2ATR,2ATR,5,-11.59,-100,76.5,944,29.67,0.25
20,100,0.15,21,1,1ATR,0,0,-11.6,-100,50.85,452,45.52,0.318
5,150,0.1,14,0.5,1ATR,3ATR,0,-11.61,-100,89.56,1498,40.88,0.111
10,100,0.15,21,0.5,1ATR,0,0,-11.61,-100,51.18,466,46.15,0.185
20,50,0.2,14,1,2ATR,0,5,-11.61,-100,42.5,342,45.42,0.378
10,150,0.1,21,1,2ATR,3ATR,0,-11.62,-100,79.39,1038,42.42,0.222
10,150,0.2,21,0.5,2ATR,3ATR,0,-11.62,-100,79.39,1038,42.42,0.222
20,100,0.1,14,0.5,2ATR,0,0,-11.62,-100,40.91,342,46.07,0.129
5,100,0.1,14,0.5,1ATR,0,5,-11.63,-100,49.08,442,43.18,0.118
20,50,0.2,21,1,2ATR,2ATR,0,-11.63,-100,90.05,1512,43.13,0.362
5,100,0.15,21,0.5,1ATR,0,5,-11.64,-100,48.47,430,43.46,0.178
10,100,0.2,14,1,1ATR,0,0,-11.64,-100,52.03,464,46.16,0.374
5,100,0.1,21,1,1ATR,3ATR,0,-11.65,-100,90.81,1576,42.01,0.22
5,100,0.2,21,0.5,1ATR,3ATR,0,-11.65,-100,90.81,1576,42.01,0.22
5,150,0.1,14,1,1ATR,3ATR,0,-11.66,-100,89.66,1498,40.88,0.212
5,150,0.2,14,0.5,1ATR,3ATR,0,-11.66,-100,89.66,1498,40.88,0.212
10,150,0.15,14,1,2ATR,3ATR,0,-11.67,-100,81.15,1092,42.18,0.294
10,150,0.1,14,1,2ATR,0,0,-11.68,-100,38.38,308,45.51,0.228
10,150,0.2,14,0.5,2ATR,0,0,-11.68,-100,38.38,308,45.51,0.228
5,100,0.15,14,1,1ATR,0,5,-11.69,-100,50.07,442,43.18,0.299
10,50,0.1,14,0.5,2ATR,0,0,-11.69,-100,50.47,460,47.38,0.128
20,50,0.15,14,1,1ATR,0,0,-11.69,-100,56.98,540,47.19,0.328
20,100,0.15,14,1,1ATR,0,0,-11.69,-100,51.3,458,45.49,0.315
10,50,0.15,21,0.5,1ATR,0,0,-11.7,-100,60.59,608,46.73,0.19
5,100,0.15,14,0.5,2ATR,3ATR,0,-11.71,-100,82.07,1134,43.96,0.173
10,150,0.15,14,1,1ATR,2ATR,0,-11.72,-100,95.03,1980,38.38,0.274
20,50,0.15,14,1,2ATR,2ATR,0,-11.73,-100,89.55,1484,43.23,0.305
10,100,0.15,21,1,1ATR,0,0,-11.74,-100,51.88,466,46.15,0.32
10,150,0.15,21,0.5,2ATR,0,0,-11.74,-100,38.28,310,45.51,0.181
5,100,0.2,14,1,1ATR,0,5,-11.75,-100,50.41,442,43.18,0.351
20,50,0.1,14,0.5,2ATR,3ATR,0,-11.75,-100,82.19,1142,44.64,0.119
5,100,0.15,14,1,1ATR,3ATR,0,-11.76,-100,90.81,1570,42.04,0.295
10,150,0.15,14,1,2ATR,0,0,-11.76,-100,38.9,308,45.51,0.305
5,100,0.1,21,0.5,1ATR,3ATR,0,-11.77,-100,90.72,1576,42.01,0.115
5,100,0.15,21,1,1ATR,0,5,-11.77,-100,49.2,430,43.46,0.304
10,100,0.15,14,0.5,1ATR,0,0,-11.77,-100,51.04,464,46.16,0.182
10,50,0.15,14,1,2ATR,0,5,-11.78,-100,46.94,400,45.15,0.318
20,100,0.1,14,1,2ATR,0,0,-11.78,-100,41.55,342,46.07,0.238
20,100,0.2,14,0.5,2ATR,0,0,-11.78,-100,41.55,342,46.07,0.238
10,50,0.1,21,0.5,2ATR,0,0,-11.79,-100,50.49,460,47.4,0.13
10,100,0.2,14,1,2ATR,2ATR,5,-11.79,-100,76.93,956,30.77,0.255
10,150,0.15,21,1,2ATR,0,5,-11.79,-100,34.35,260,43.75,0.299
20,50,0.1,21,1,2ATR,3ATR,0,-11.79,-100,81.96,1126,44.74,0.233
20,50,0.15,14,0.5,1ATR,0,0,-11.79,-100,56.35,540,47.19,0.191
20,50,0.2,21,0.5,2ATR,3ATR,0,-11.79,-100,81.96,1126,44.74,0.233
10,100,0.1,21,0.5,1ATR,0,0,-11.8,-100,50.91,466,46.15,0.125
10,150,0.1,14,0.5,1ATR,3ATR,0,-11.8,-100,89.78,1512,40.33,0.109
10,150,0.1,14,1,1ATR,3ATR,0,-11.81,-100,89.88,1512,40.33,0.209
10,150,0.2,14,0.5,1ATR,3ATR,0,-11.81,-100,89.88,1512,40.33,0.209
20,150,0.1,21,0.5,1ATR,0,0,-11.81,-100,45.63,398,44.8,0.124
5,100,0.1,21,0.5,1ATR,0,5,-11.85,-100,48.18,430,43.46,0.12
5,150,0.15,14,0.5,1ATR,3ATR,0,-11.85,-100,89.61,1498,40.88,0.164
10,50,0.1,14,0.5,1ATR,0,0,-11.85,-100,59.75,598,46.77,0.127
10,150,0.2,21,1,2ATR,0,0,-11.85,-100,39.54,310,45.51,0.366
10,150,0.2,14,1,2ATR,0,0,-11.87,-100,39.34,308,45.51,0.363
5,150,0.1,21,0.5,1ATR,2ATR,0,-11.88,-100,94.94,1980,38.83,0.111
10,100,0.15,14,1,1ATR,0,0,-11.88,-100,51.72,464,46.16,0.314
10,150,0.1,14,0.5,1ATR,0,5,-11.88,-100,41.37,348,41.56,0.114
20,50,0.2,14,1,2ATR,0,0,-11.88,-100,47.23,398,47.83,0.397
20,50,0.2,21,1,2ATR,0,5,-11.89,-100,42.21,338,45.47,0.378
20,100,0.2,21,1,1ATR,0,0,-11.89,-100,51.22,452,45.52,0.373
5,100,0.2,21,1,1ATR,0,5,-11.9,-100,49.57,430,43.46,0.356
10,50,0.15,14,0.5,1ATR,3ATR,5,-11.9,-100,79.74,1054,30.32,0.124
5,150,0.15,21,0.5,1ATR,2ATR,0,-11.91,-100,94.96,1980,38.83,0.164
20,100,0.2,14,1,1ATR,0,0,-11.91,-100,51.66,458,45.49,0.371
20,150,0.1,14,0.5,1ATR,0,0,-11.91,-100,46.12,404,44.77,0.123
10,50,0.1,14,1,2ATR,3ATR,0,-11.92,-100,82.8,1158,44.41,0.227
10,50,0.2,14,0.5,2ATR,3ATR,0,-11.92,-100,82.8,1158,44.41,0.227
10,150,0.15,21,1,2ATR,2ATR,0,-11.92,-100,88.66,1430,40.77,0.294
10,50,0.1,21,1,2ATR,0,5,-11.93,-100,46.29,398,45.19,0.236
10,50,0.2,21,0.5,2ATR,0,5,-11.93,-100,46.29,398,45.19,0.236
20,150,0.1,14,0.5,2ATR,0,5,-11.93,-100,30.66,236,43.46,0.117
5,150,0.1,14,1,1ATR,2ATR,0,-11.94,-100,94.88,1966,38.9,0.207
5,150,0.2,14,0.5,1ATR,2ATR,0,-11.94,-100,94.88,1966,38.9,0.207
20,100,0.2,14,1,1ATR,2ATR,0,-11.94,-100,95.22,2002,39,0.325
20,50,0.1,14,0.5,2ATR,2ATR,0,-11.95,-100,89.35,1484,43.23,0.12
20,150,0.1,21,1,2ATR,2ATR,0,-11.95,-100,88.11,1404,40.64,0.219
20,150,0.2,21,0.5,2ATR,2ATR,0,-11.95,-100,88.11,1404,40.64,0.219
20,100,0.15,21,1,2ATR,2ATR,5,-11.97,-100,76.38,944,29.67,0.214
10,150,0.15,14,0.5,1ATR,3ATR,0,-11.98,-100,89.83,1512,40.33,0.162
20,50,0.15,21,1,1ATR,0,0,-11.98,-100,57.17,542,47.18,0.333
10,50,0.1,21,0.5,1ATR,0,0,-11.99,-100,60.36,608,46.73,0.129
10,100,0.1,14,0.5,1ATR,0,0,-11.99,-100,50.76,464,46.16,0.123
20,50,0.15,21,1,2ATR,0,5,-11.99,-100,41.77,338,45.47,0.319
10,100,0.2,21,1,1ATR,0,0,-12,-100,52.25,466,46.15,0.376
20,50,0.1,21,0.5,1ATR,0,0,-12.01,-100,56.23,542,47.18,0.13
5,100,0.15,21,0.5,1ATR,3ATR,0,-12.02,-100,90.77,1576,42.01,0.171
10,100,0.2,21,1,2ATR,2ATR,0,-12.02,-100,88.58,1420,42.18,0.353
20,100,0.2,14,1,2ATR,2ATR,0,-12.02,-100,88.54,1418,41.54,0.343
20,100,0.15,14,0.5,2ATR,0,0,-12.03,-100,41.27,342,46.07,0.185
20,50,0.15,14,1,2ATR,0,0,-12.04,-100,46.84,398,47.83,0.334
20,50,0.2,21,1,1ATR,0,0,-12.04,-100,57.51,542,47.18,0.394
20,100,0.1,14,0.5,1ATR,0,5,-12.04,-100,42.98,366,41.97,0.115
10,150,0.2,14,1,2ATR,0,5,-12.05,-100,35.2,264,43.72,0.351
20,50,0.1,21,1,1ATR,0,0,-12.05,-100,56.75,542,47.18,0.247
20,50,0.2,21,0.5,1ATR,0,0,-12.05,-100,56.75,542,47.18,0.247
10,100,0.2,14,1,1ATR,2ATR,0,-12.06,-100,95.3,2012,39.63,0.33
10,50,0.1,14,1,2ATR,0,5,-12.07,-100,46.46,400,45.15,0.236
10,50,0.2,14,0.5,2ATR,0,5,-12.07,-100,46.46,400,45.15,0.236
10,150,0.2,21,1,2ATR,0,5,-12.08,-100,34.83,260,43.75,0.352
20,50,0.15,14,1,2ATR,0,5,-12.08,-100,42.13,342,45.42,0.317
20,100,0.2,21,1,1ATR,0,5,-12.08,-100,43.59,356,42.15,0.341
10,150,0.1,21,0.5,2ATR,0,0,-12.09,-100,37.96,310,45.51,0.122
20,150,0.15,21,0.5,2ATR,2ATR,0,-12.09,-100,88.05,1404,40.64,0.171
10,50,0.2,21,1,2ATR,3ATR,0,-12.1,-100,82.71,1142,44.52,0.37
20,50,0.15,14,0.5,2ATR,3ATR,0,-12.11,-100,82.3,1142,44.64,0.177
10,50,0.15,21,1,1ATR,0,5,-12.12,-100,55.45,516,42.32,0.302
20,150,0.1,21,0.5,2ATR,2ATR,0,-12.12,-100,87.98,1404,40.64,0.115
20,50,0.15,21,0.5,1ATR,0,0,-12.15,-100,56.51,542,47.18,0.193
20,100,0.2,14,1,1ATR,0,5,-12.15,-100,44.41,366,41.97,0.334
20,50,0.1,14,1,2ATR,3ATR,0,-12.18,-100,82.39,1142,44.64,0.228
20,50,0.2,14,0.5,2ATR,3ATR,0,-12.18,-100,82.39,1142,44.64,0.228
10,100,0.15,21,0.5,1ATR,0,5,-12.2,-100,45.79,396,42.48,0.174
20,100,0.1,21,0.5,1ATR,0,5,-12.2,-100,42.11,356,42.15,0.116
20,50,0.1,14,1,2ATR,0,0,-12.21,-100,46.33,398,47.83,0.248
20,50,0.2,14,0.5,2ATR,0,0,-12.21,-100,46.33,398,47.83,0.248
20,50,0.1,14,0.5,2ATR,0,0,-12.23,-100,45.69,398,47.83,0.131
20,100,0.2,21,1,2ATR,2ATR,0,-12.25,-100,89.35,1466,41.34,0.347
10,150,0.15,14,1,2ATR,0,5,-12.29,-100,34.8,264,43.72,0.296
10,50,0.1,14,0.5,1ATR,3ATR,5,-12.31,-100,79.65,1054,30.32,0.085
10,50,0.15,21,0.5,1ATR,3ATR,5,-12.31,-100,79.93,1060,30.13,0.123
10,100,0.1,21,0.5,1ATR,0,5,-12.31,-100,45.47,396,42.48,0.117
10,100,0.1,21,1,1ATR,0,5,-12.31,-100,46.08,396,42.48,0.222
10,100,0.2,21,0.5,1ATR,0,5,-12.31,-100,46.08,396,42.48,0.222
10,150,0.15,14,0.5,2ATR,0,0,-12.31,-100,38.12,308,45.51,0.176
20,50,0.15,14,0.5,2ATR,2ATR,0,-12.33,-100,89.41,1484,43.23,0.177
20,100,0.2,14,1,2ATR,3ATR,0,-12.33,-100,82.26,1126,42.76,0.349
20,100,0.15,21,1,1ATR,2ATR,0,-12.34,-100,95.24,2008,38.98,0.282
20,100,0.15,21,1,2ATR,0,0,-12.34,-100,41.98,340,46.08,0.318
20,100,0.15,21,1,2ATR,3ATR,5,-12.35,-100,70.02,784,33.15,0.235
20,50,0.1,14,1,2ATR,2ATR,0,-12.36,-100,89.47,1484,43.23,0.226
20,50,0.2,14,0.5,2ATR,2ATR,0,-12.36,-100,89.47,1484,43.23,0.226
20,100,0.15,14,1,2ATR,0,0,-12.36,-100,42.15,342,46.07,0.316
10,50,0.1,14,0.5,2ATR,3ATR,0,-12.38,-100,82.62,1158,44.41,0.118
20,50,0.1,21,1,2ATR,0,5,-12.39,-100,41.26,338,45.47,0.236
20,50,0.2,21,0.5,2ATR,0,5,-12.39,-100,41.26,338,45.47,0.236
5,150,0.1,14,0.5,1ATR,2ATR,0,-12.4,-100,94.83,1966,38.9,0.109
20,100,0.15,21,1,2ATR,3ATR,0,-12.4,-100,81.6,1106,42.85,0.301
10,50,0.1,14,1,2ATR,2ATR,0,-12.41,-100,89.72,1500,42.98,0.224
10,50,0.2,14,0.5,2ATR,2ATR,0,-12.41,-100,89.72,1500,42.98,0.224
10,150,0.1,21,1,2ATR,0,5,-12.41,-100,33.86,260,43.75,0.222
10,150,0.2,21,0.5,2ATR,0,5,-12.41,-100,33.86,260,43.75,0.222
20,50,0.1,14,1,2ATR,0,5,-12.41,-100,41.61,342,45.42,0.235
20,50,0.2,14,0.5,2ATR,0,5,-12.41,-100,41.61,342,45.42,0.235
10,150,0.1,14,1,2ATR,2ATR,0,-12.43,-100,87.75,1384,40.96,0.214
10,150,0.2,14,0.5,2ATR,2ATR,0,-12.43,-100,87.75,1384,40.96,0.214
20,100,0.2,21,1,2ATR,0,5,-12.43,-100,36.84,280,44.03,0.353
10,50,0.1,21,1,1ATR,0,5,-12.46,-100,55.03,516,42.32,0.224
10,50,0.2,21,0.5,1ATR,0,5,-12.46,-100,55.03,516,42.32,0.224
20,100,0.15,21,0.5,2ATR,2ATR,5,-12.46,-100,76.11,944,29.67,0.123
20,150,0.1,14,1,1ATR,3ATR,0,-12.46,-100,90.07,1524,40.08,0.209
20,150,0.2,14,0.5,1ATR,3ATR,0,-12.46,-100,90.07,1524,40.08,0.209
5,150,0.15,14,0.5,1ATR,2ATR,0,-12.47,-100,94.86,1966,38.9,0.161
20,150,0.15,14,1,1ATR,2ATR,0,-12.47,-100,94.82,1952,38.32,0.275
10,100,0.15,21,1,1ATR,0,5,-12.48,-100,46.59,396,42.48,0.297
20,50,0.15,14,0.5,2ATR,0,0,-12.48,-100,46.05,398,47.83,0.193
20,100,0.1,21,0.5,2ATR,3ATR,0,-12.48,-100,81.22,1106,42.85,0.116
10,50,0.15,14,0.5,2ATR,3ATR,0,-12.49,-100,82.73,1158,44.41,0.176
20,150,0.1,14,1,2ATR,2ATR,0,-12.49,-100,87.34,1362,40.83,0.215
20,150,0.2,14,0.5,2ATR,2ATR,0,-12.49,-100,87.34,1362,40.83,0.215
10,150,0.15,14,0.5,2ATR,2ATR,0,-12.5,-100,87.69,1384,40.96,0.166
10,100,0.15,14,1,2ATR,2ATR,0,-12.52,-100,88.19,1402,42.29,0.295
10,150,0.1,14,0.5,2ATR,2ATR,0,-12.52,-100,87.62,1384,40.96,0.112
20,50,0.1,21,1,2ATR,3ATR,5,-12.52,-100,71.23,816,35.13,0.183
20,50,0.15,14,1,2ATR,3ATR,5,-12.52,-100,71.14,808,35.26,0.248
20,50,0.15,21,0.5,2ATR,0,5,-12.52,-100,40.94,338,45.47,0.184
20,50,0.2,21,0.5,2ATR,3ATR,5,-12.52,-100,71.23,816,35.13,0.183
20,100,0.2,14,1,2ATR,0,0,-12.53,-100,42.6,342,46.07,0.375
10,150,0.1,14,0.5,2ATR,3ATR,0,-12.54,-100,80.81,1092,42.18,0.112
20,50,0.1,21,0.5,2ATR,0,5,-12.55,-100,40.57,338,45.47,0.124
20,100,0.1,21,0.5,2ATR,2ATR,5,-12.55,-100,76,944,29.67,0.085
20,50,0.15,21,0.5,2ATR,3ATR,5,-12.56,-100,71.09,816,35.13,0.142
20,50,0.1,21,0.5,2ATR,3ATR,5,-12.57,-100,70.94,816,35.13,0.097
20,100,0.15,14,1,2ATR,3ATR,5,-12.58,-100,69.12,764,33.49,0.234
10,50,0.1,21,0.5,1ATR,3ATR,5,-12.6,-100,79.84,1060,30.13,0.084
20,100,0.1,21,1,1ATR,0,5,-12.6,-100,42.75,356,42.15,0.215
20,100,0.2,21,0.5,1ATR,0,5,-12.6,-100,42.75,356,42.15,0.215
10,150,0.1,14,1,2ATR,3ATR,0,-12.61,-100,81.02,1092,42.18,0.215
10,150,0.2,14,0.5,2ATR,3ATR,0,-12.61,-100,81.02,1092,42.18,0.215
20,100,0.1,21,1,2ATR,2ATR,5,-12.63,-100,76.23,944,29.67,0.158
20,100,0.2,21,0.5,2ATR,2ATR,5,-12.63,-100,76.23,944,29.67,0.158
20,100,0.2,21,1,1ATR,3ATR,0,-12.63,-100,90.89,1570,40.8,0.34
10,50,0.15,21,0.5,2ATR,0,5,-12.64,-100,46.04,398,45.19,0.182
10,100,0.2,21,1,1ATR,0,5,-12.65,-100,47,396,42.48,0.349
20,100,0.15,21,0.5,1ATR,0,5,-12.66,-100,42.46,356,42.15,0.169
10,50,0.15,14,1,1ATR,0,5,-12.67,-100,55.62,518,42.32,0.299
20,100,0.2,21,1,2ATR,0,0,-12.68,-100,42.47,340,46.08,0.377
10,150,0.15,14,0.5,2ATR,3ATR,0,-12.71,-100,80.92,1092,42.18,0.167
20,150,0.15,14,0.5,1ATR,3ATR,0,-12.71,-100,90.02,1524,40.08,0.162
10,100,0.15,14,1,2ATR,2ATR,5,-12.73,-100,76.85,956,30.77,0.218
20,50,0.1,14,0.5,2ATR,0,5,-12.73,-100,40.95,342,45.42,0.125
10,150,0.1,14,0.5,2ATR,0,0,-12.76,-100,37.8,308,45.51,0.119
20,100,0.15,14,0.5,1ATR,0,5,-12.76,-100,43.32,366,41.97,0.165
10,50,0.2,21,1,1ATR,3ATR,0,-12.77,-100,91.84,1642,42.31,0.354
20,150,0.1,14,0.5,1ATR,3ATR,0,-12.77,-100,89.97,1524,40.08,0.109
20,100,0.2,14,1,1ATR,3ATR,0,-12.78,-100,91.08,1584,40.73,0.336
20,100,0.15,21,1,1ATR,0,5,-12.79,-100,43.29,356,42.15,0.287
10,50,0.15,14,0.5,2ATR,2ATR,0,-12.82,-100,89.67,1500,42.98,0.174
10,100,0.2,21,1,1ATR,3ATR,0,-12.82,-100,90.76,1560,41.54,0.347
20,150,0.15,14,0.5,2ATR,2ATR,0,-12.82,-100,87.28,1362,40.83,0.168
20,50,0.15,14,0.5,2ATR,0,5,-12.83,-100,41.33,342,45.42,0.184
10,100,0.15,14,0.5,2ATR,2ATR,5,-12.84,-100,76.55,956,30.77,0.125
10,50,0.15,21,0.5,1ATR,0,5,-12.86,-100,54.8,516,42.32,0.172
10,150,0.1,21,1,1ATR,2ATR,0,-12.86,-100,95.09,1992,38.34,0.208
10,150,0.2,21,0.5,1ATR,2ATR,0,-12.86,-100,95.09,1992,38.34,0.208
5,100,0.1,14,1,1ATR,3ATR,0,-12.87,-100,90.75,1570,42.04,0.217
5,100,0.2,14,0.5,1ATR,3ATR,0,-12.87,-100,90.75,1570,42.04,0.217
10,50,0.1,14,0.5,2ATR,2ATR,0,-12.87,-100,89.61,1500,42.98,0.118
10,100,0.1,14,0.5,2ATR,2ATR,5,-12.87,-100,76.43,956,30.77,0.086
10,50,0.1,21,0.5,2ATR,0,5,-12.88,-100,45.71,398,45.19,0.123
20,100,0.1,21,0.5,2ATR,3ATR,5,-12.88,-100,69.5,784,33.15,0.092
10,150,0.15,21,0.5,2ATR,0,5,-12.89,-100,33.56,260,43.75,0.172
10,100,0.15,14,0.5,1ATR,0,5,-12.91,-100,46.63,406,42.25,0.17
20,100,0.15,21,0.5,2ATR,3ATR,5,-12.91,-100,69.66,784,33.15,0.135
10,100,0.2,14,1,1ATR,0,5,-12.92,-100,47.83,406,42.25,0.347
20,100,0.15,21,0.5,2ATR,3ATR,0,-12.92,-100,81.34,1106,42.85,0.171
10,50,0.15,14,0.5,2ATR,0,5,-12.93,-100,46.21,400,45.15,0.181
20,150,0.1,14,0.5,2ATR,2ATR,0,-12.93,-100,87.21,1362,40.83,0.113
5,100,0.1,14,0.5,1ATR,3ATR,0,-12.94,-100,90.64,1570,42.04,0.113
10,100,0.1,14,1,2ATR,2ATR,5,-12.94,-100,76.66,956,30.77,0.161
10,100,0.2,14,0.5,2ATR,2ATR,5,-12.94,-100,76.66,956,30.77,0.161
20,50,0.15,21,1,2ATR,0,0,-12.94,-100,47.46,404,47.81,0.336
10,50,0.1,14,1,1ATR,3ATR,0,-12.95,-100,91.62,1636,42.34,0.22
10,50,0.2,14,0.5,1ATR,3ATR,0,-12.95,-100,91.62,1636,42.34,0.22
20,50,0.15,21,1,2ATR,2ATR,0,-12.95,-100,90.01,1512,43.13,0.309
10,50,0.1,21,1,1ATR,2ATR,0,-12.97,-100,95.84,2102,40.35,0.217
10,50,0.2,21,0.5,1ATR,2ATR,0,-12.97,-100,95.84,2102,40.35,0.217
10,100,0.15,14,1,1ATR,3ATR,0,-13.02,-100,90.75,1564,41.52,0.291
20,50,0.2,21,1,2ATR,0,0,-13.04,-100,47.92,404,47.81,0.398
10,100,0.1,14,0.5,2ATR,2ATR,0,-13.06,-100,87.96,1402,42.29,0.114
10,50,0.1,14,1,1ATR,0,5,-13.07,-100,55.21,518,42.32,0.222
10,50,0.2,14,0.5,1ATR,0,5,-13.07,-100,55.21,518,42.32,0.222
10,100,0.1,14,0.5,1ATR,0,5,-13.07,-100,46.31,406,42.25,0.115
10,150,0.1,14,1,2ATR,0,5,-13.09,-100,34.31,264,43.72,0.218
10,150,0.2,14,0.5,2ATR,0,5,-13.09,-100,34.31,264,43.72,0.218
10,50,0.1,21,0.5,1ATR,0,5,-13.1,-100,54.52,516,42.32,0.116
10,50,0.15,21,1,2ATR,3ATR,0,-13.1,-100,82.62,1142,44.52,0.314
20,100,0.1,21,1,2ATR,3ATR,5,-13.1,-100,69.81,784,33.15,0.173
20,100,0.2,21,0.5,2ATR,3ATR,5,-13.1,-100,69.81,784,33.15,0.173
20,50,0.1,21,0.5,2ATR,0,0,-13.11,-100,46.22,404,47.81,0.131
10,150,0.15,21,0.5,2ATR,2ATR,0,-13.12,-100,88.52,1430,40.77,0.17
20,100,0.15,14,1,1ATR,2ATR,0,-13.13,-100,95.21,2002,39,0.278
10,150,0.1,21,0.5,2ATR,2ATR,0,-13.14,-100,88.45,1430,40.77,0.114
20,100,0.15,14,1,1ATR,0,5,-13.14,-100,44.15,366,41.97,0.28
20,100,0.1,14,1,1ATR,0,5,-13.15,-100,43.64,366,41.97,0.21
20,100,0.2,14,0.5,1ATR,0,5,-13.15,-100,43.64,366,41.97,0.21
10,100,0.2,21,1,2ATR,3ATR,5,-13.16,-100,71.26,806,33.93,0.281
10,150,0.1,21,1,2ATR,2ATR,0,-13.17,-100,88.59,1430,40.77,0.219
10,150,0.2,21,0.5,2ATR,2ATR,0,-13.17,-100,88.59,1430,40.77,0.219
20,50,0.2,21,1,1ATR,3ATR,0,-13.17,-100,91.48,1612,42.63,0.356
20,150,0.1,21,1,1ATR,3ATR,0,-13.17,-100,90.44,1548,39.98,0.212
20,150,0.2,21,0.5,1ATR,3ATR,0,-13.17,-100,90.44,1548,39.98,0.212
20,100,0.15,21,1,2ATR,0,5,-13.19,-100,36.48,280,44.03,0.292
20,50,0.1,21,1,2ATR,0,0,-13.2,-100,46.92,404,47.81,0.25
20,50,0.2,21,0.5,2ATR,0,0,-13.2,-100,46.92,404,47.81,0.25
10,100,0.15,14,0.5,2ATR,2ATR,0,-13.21,-100,88.03,1402,42.29,0.169
10,150,0.1,21,0.5,2ATR,0,5,-13.24,-100,33.18,260,43.75,0.116
20,50,0.15,21,0.5,2ATR,0,0,-13.25,-100,46.6,404,47.81,0.194
20,100,0.1,21,0.5,2ATR,0,5,-13.25,-100,35.17,280,44.03,0.116
20,100,0.1,21,1,2ATR,3ATR,0,-13.25,-100,81.45,1106,42.85,0.221
20,100,0.2,21,0.5,2ATR,3ATR,0,-13.25,-100,81.45,1106,42.85,0.221
10,100,0.1,21,1,1ATR,2ATR,0,-13.26,-100,95.24,2012,39.62,0.213
10,100,0.2,21,0.5,1ATR,2ATR,0,-13.26,-100,95.24,2012,39.62,0.213
10,150,0.1,21,0.5,1ATR,2ATR,0,-13.26,-100,95.03,1992,38.34,0.109
10,100,0.15,14,1,1ATR,2ATR,0,-13.27,-100,95.28,2012,39.63,0.282
10,150,0.15,21,0.5,1ATR,2ATR,0,-13.27,-100,95.06,1992,38.34,0.162
20,100,0.1,14,0.5,2ATR,3ATR,5,-13.27,-100,68.58,764,33.49,0.092
10,50,0.1,14,0.5,2ATR,0,5,-13.28,-100,45.88,400,45.15,0.122
10,100,0.2,14,1,2ATR,3ATR,5,-13.28,-100,69.94,776,34.49,0.282
10,100,0.1,14,1,2ATR,2ATR,0,-13.29,-100,88.1,1402,42.29,0.218
10,100,0.2,14,0.5,2ATR,2ATR,0,-13.29,-100,88.1,1402,42.29,0.218
5,100,0.15,14,0.5,1ATR,3ATR,0,-13.3,-100,90.7,1570,42.04,0.168
20,50,0.2,14,1,1ATR,2ATR,0,-13.3,-100,95.96,2110,40.55,0.339
10,100,0.15,21,1,2ATR,2ATR,0,-13.32,-100,88.54,1420,42.18,0.301
10,100,0.1,14,1,1ATR,0,5,-13.35,-100,46.96,406,42.25,0.216
10,100,0.2,14,0.5,1ATR,0,5,-13.35,-100,46.96,406,42.25,0.216
20,100,0.15,14,0.5,2ATR,3ATR,5,-13.36,-100,68.75,764,33.49,0.134
20,50,0.1,21,0.5,2ATR,2ATR,0,-13.38,-100,89.8,1512,43.13,0.121
5,100,0.1,14,1,1ATR,2ATR,0,-13.42,-100,95.25,2014,40.19,0.213
5,100,0.2,14,0.5,1ATR,2ATR,0,-13.42,-100,95.25,2014,40.19,0.213
10,100,0.1,21,0.5,1ATR,2ATR,0,-13.42,-100,95.18,2012,39.62,0.112
10,100,0.2,14,1,2ATR,3ATR,0,-13.45,-100,82.16,1120,43.48,0.357
20,150,0.1,21,1,1ATR,2ATR,0,-13.45,-100,94.91,1968,38.27,0.208
20,150,0.2,21,0.5,1ATR,2ATR,0,-13.45,-100,94.91,1968,38.27,0.208
10,50,0.1,14,1,1ATR,2ATR,0,-13.46,-100,95.73,2084,40.42,0.214
10,50,0.2,14,0.5,1ATR,2ATR,0,-13.46,-100,95.73,2084,40.42,0.214
10,50,0.15,14,0.5,1ATR,0,5,-13.47,-100,54.96,518,42.32,0.172
20,100,0.15,14,1,2ATR,2ATR,0,-13.47,-100,88.5,1418,41.54,0.292
10,100,0.15,14,1,1ATR,0,5,-13.48,-100,47.49,406,42.25,0.29
20,100,0.1,14,1,2ATR,3ATR,5,-13.48,-100,68.91,764,33.49,0.172
20,100,0.2,14,0.5,2ATR,3ATR,5,-13.48,-100,68.91,764,33.49,0.172
20,150,0.15,21,0.5,1ATR,3ATR,0,-13.48,-100,90.39,1548,39.98,0.165
20,50,0.1,14,1,2ATR,3ATR,5,-13.51,-100,70.93,808,35.26,0.182
20,50,0.2,14,0.5,2ATR,3ATR,5,-13.51,-100,70.93,808,35.26,0.182
10,100,0.15,21,0.5,1ATR,2ATR,0,-13.52,-100,95.21,2012,39.62,0.166
10,50,0.1,21,0.5,1ATR,2ATR,0,-13.53,-100,95.79,2102,40.35,0.115
20,100,0.15,21,1,2ATR,2ATR,0,-13.55,-100,89.31,1466,41.34,0.297
20,150,0.1,21,0.5,1ATR,3ATR,0,-13.55,-100,90.33,1548,39.98,0.111
20,100,0.1,21,1,2ATR,0,5,-13.59,-100,35.92,280,44.03,0.216
20,100,0.2,14,1,2ATR,0,5,-13.59,-100,37.42,284,43.85,0.348
20,100,0.2,21,0.5,2ATR,0,5,-13.59,-100,35.92,280,44.03,0.216
5,100,0.1,14,0.5,1ATR,2ATR,0,-13.6,-100,95.2,2014,40.19,0.113
10,50,0.1,14,0.5,1ATR,3ATR,0,-13.6,-100,91.53,1636,42.34,0.115
20,50,0.1,14,0.5,2ATR,3ATR,5,-13.65,-100,70.61,808,35.26,0.098
20,50,0.15,14,0.5,2ATR,3ATR,5,-13.65,-100,70.78,808,35.26,0.143
10,50,0.15,14,0.5,1ATR,3ATR,0,-13.67,-100,91.58,1636,42.34,0.171
20,100,0.15,21,1,1ATR,3ATR,0,-13.71,-100,90.85,1570,40.8,0.289
10,50,0.15,21,0.5,1ATR,2ATR,0,-13.72,-100,95.82,2102,40.35,0.169
20,50,0.15,21,0.5,2ATR,2ATR,0,-13.74,-100,89.87,1512,43.13,0.18
20,100,0.15,21,0.5,2ATR,0,5,-13.76,-100,35.58,280,44.03,0.169
10,150,0.1,14,1,1ATR,2ATR,0,-13.82,-100,95,1980,38.38,0.204
10,150,0.2,14,0.5,1ATR,2ATR,0,-13.82,-100,95,1980,38.38,0.204
20,50,0.2,14,1,1ATR,3ATR,0,-13.85,-100,91.54,1616,42.63,0.351
10,50,0.1,14,0.5,1ATR,0,5,-13.93,-100,54.68,518,42.32,0.116
10,150,0.15,14,0.5,2ATR,0,5,-13.93,-100,34.03,264,43.72,0.168
10,100,0.1,21,0.5,2ATR,2ATR,0,-13.94,-100,88.29,1420,42.18,0.117
20,50,0.1,21,1,2ATR,2ATR,0,-13.95,-100,89.93,1512,43.13,0.23
20,50,0.2,21,0.5,2ATR,2ATR,0,-13.95,-100,89.93,1512,43.13,0.23
5,100,0.15,14,0.5,1ATR,2ATR,0,-13.96,-100,95.23,2014,40.19,0.166
20,100,0.15,14,1,1ATR,3ATR,0,-13.96,-100,91.04,1584,40.73,0.285
20,150,0.15,21,0.5,1ATR,2ATR,0,-13.97,-100,94.88,1968,38.27,0.163
20,50,0.2,21,1,1ATR,2ATR,0,-13.98,-100,95.98,2112,40.52,0.342
10,50,0.15,21,1,1ATR,3ATR,0,-14.01,-100,91.81,1642,42.31,0.3
10,100,0.1,14,1,1ATR,3ATR,0,-14.07,-100,90.68,1564,41.52,0.214
10,100,0.2,14,0.5,1ATR,3ATR,0,-14.07,-100,90.68,1564,41.52,0.214
10,100,0.15,21,0.5,2ATR,2ATR,0,-14.08,-100,88.37,1420,42.18,0.173
20,100,0.15,14,1,2ATR,3ATR,0,-14.08,-100,82.21,1126,42.76,0.294
20,150,0.1,21,0.5,1ATR,2ATR,0,-14.09,-100,94.85,1968,38.27,0.11
10,50,0.1,14,0.5,1ATR,2ATR,0,-14.1,-100,95.68,2084,40.42,0.114
10,100,0.1,21,1,2ATR,2ATR,0,-14.16,-100,88.44,1420,42.18,0.223
10,100,0.2,21,0.5,2ATR,2ATR,0,-14.16,-100,88.44,1420,42.18,0.223
10,100,0.15,21,1,2ATR,3ATR,5,-14.18,-100,71.13,806,33.93,0.24
20,50,0.15,14,1,1ATR,2ATR,0,-14.18,-100,95.94,2110,40.55,0.29
10,100,0.15,14,1,2ATR,3ATR,5,-14.21,-100,69.8,776,34.49,0.241
10,50,0.15,14,0.5,1ATR,2ATR,0,-14.22,-100,95.71,2084,40.42,0.167
10,100,0.1,14,0.5,1ATR,3ATR,0,-14.25,-100,90.57,1564,41.52,0.112
10,150,0.1,14,0.5,1ATR,2ATR,0,-14.27,-100,94.95,1980,38.38,0.108
20,50,0.15,21,1,1ATR,3ATR,0,-14.27,-100,91.43,1612,42.63,0.303
20,100,0.1,21,0.5,2ATR,2ATR,0,-14.27,-100,89.08,1466,41.34,0.116
10,50,0.1,21,1,2ATR,3ATR,0,-14.31,-100,82.47,1142,44.52,0.231
10,50,0.2,21,0.5,2ATR,3ATR,0,-14.31,-100,82.47,1142,44.52,0.231
10,150,0.15,14,0.5,1ATR,2ATR,0,-14.31,-100,94.98,1980,38.38,0.159
10,100,0.15,21,1,1ATR,3ATR,0,-14.32,-100,90.73,1560,41.54,0.295
20,100,0.1,21,0.5,1ATR,3ATR,0,-14.32,-100,90.65,1570,40.8,0.112
20,100,0.15,14,1,2ATR,0,5,-14.32,-100,37.01,284,43.85,0.288
20,100,0.1,14,0.5,2ATR,0,5,-14.33,-100,35.64,284,43.85,0.115
10,150,0.1,14,0.5,2ATR,0,5,-14.35,-100,33.64,264,43.72,0.114
20,100,0.1,14,0.5,2ATR,2ATR,0,-14.36,-100,88.26,1418,41.54,0.114
10,100,0.15,14,0.5,1ATR,3ATR,0,-14.38,-100,90.63,1564,41.52,0.166
10,50,0.1,21,0.5,2ATR,3ATR,0,-14.41,-100,82.24,1142,44.52,0.121
20,100,0.1,21,0.5,1ATR,2ATR,0,-14.42,-100,95.16,2008,38.98,0.111
10,100,0.2,21,1,2ATR,3ATR,0,-14.48,-100,81.74,1102,43.54,0.361
20,50,0.1,21,0.5,1ATR,3ATR,0,-14.51,-100,91.23,1612,42.63,0.118
20,100,0.1,21,1,1ATR,2ATR,0,-14.53,-100,95.22,2008,38.98,0.209
20,100,0.2,21,0.5,1ATR,2ATR,0,-14.53,-100,95.22,2008,38.98,0.209
20,100,0.1,14,0.5,2ATR,3ATR,0,-14.56,-100,81.8,1126,42.76,0.113
10,50,0.15,21,0.5,2ATR,3ATR,0,-14.6,-100,82.37,1142,44.52,0.179
20,100,0.1,14,0.5,1ATR,3ATR,0,-14.6,-100,90.85,1584,40.73,0.11
10,100,0.1,14,0.5,2ATR,3ATR,5,-14.66,-100,69.18,776,34.49,0.094
10,100,0.15,14,0.5,2ATR,3ATR,5,-14.66,-100,69.36,776,34.49,0.138
20,100,0.15,21,0.5,2ATR,2ATR,0,-14.66,-100,89.15,1466,41.34,0.171
10,100,0.1,14,1,2ATR,3ATR,5,-14.68,-100,69.54,776,34.49,0.177
10,100,0.2,14,0.5,2ATR,3ATR,5,-14.68,-100,69.54,776,34.49,0.177
20,100,0.15,14,0.5,2ATR,2ATR,0,-14.68,-100,88.34,1418,41.54,0.168
20,100,0.15,21,0.5,1ATR,3ATR,0,-14.68,-100,90.72,1570,40.8,0.165
20,100,0.1,21,1,1ATR,3ATR,0,-14.7,-100,90.77,1570,40.8,0.213
20,100,0.2,21,0.5,1ATR,3ATR,0,-14.7,-100,90.77,1570,40.8,0.213
10,100,0.15,14,1,2ATR,3ATR,0,-14.74,-100,82.07,1120,43.48,0.302
20,100,0.15,21,0.5,1ATR,2ATR,0,-14.75,-100,95.19,2008,38.98,0.164
20,100,0.1,14,0.5,1ATR,2ATR,0,-14.8,-100,95.11,2002,39,0.11
10,100,0.1,21,1,2ATR,0,0,-14.81,-100,42.88,354,46.68,0.238
10,100,0.2,21,0.5,2ATR,0,0,-14.81,-100,42.88,354,46.68,0.238
20,50,0.1,21,1,1ATR,3ATR,0,-14.82,-100,91.35,1612,42.63,0.224
20,50,0.15,21,0.5,1ATR,3ATR,0,-14.82,-100,91.29,1612,42.63,0.175
20,50,0.2,21,0.5,1ATR,3ATR,0,-14.82,-100,91.35,1612,42.63,0.224
10,100,0.15,21,0.5,2ATR,3ATR,5,-14.83,-100,70.72,806,33.93,0.137
20,100,0.1,14,1,2ATR,2ATR,0,-14.83,-100,88.42,1418,41.54,0.216
20,100,0.1,14,1,2ATR,3ATR,0,-14.83,-100,82.04,1126,42.76,0.215
20,100,0.2,14,0.5,2ATR,2ATR,0,-14.83,-100,88.42,1418,41.54,0.216
20,100,0.2,14,0.5,2ATR,3ATR,0,-14.83,-100,82.04,1126,42.76,0.215
10,100,0.15,21,0.5,2ATR,0,0,-14.84,-100,42.51,354,46.68,0.185
20,100,0.1,21,1,2ATR,2ATR,0,-14.84,-100,89.23,1466,41.34,0.22
20,100,0.2,21,0.5,2ATR,2ATR,0,-14.84,-100,89.23,1466,41.34,0.22
20,100,0.15,14,0.5,2ATR,3ATR,0,-14.85,-100,81.93,1126,42.76,0.167
20,100,0.1,14,1,2ATR,0,5,-14.88,-100,36.43,284,43.85,0.212
20,100,0.2,14,0.5,2ATR,0,5,-14.88,-100,36.43,284,43.85,0.212
10,100,0.1,21,0.5,2ATR,3ATR,5,-14.89,-100,70.55,806,33.93,0.093
10,100,0.1,14,1,1ATR,2ATR,0,-14.96,-100,95.25,2012,39.63,0.21
10,100,0.2,14,0.5,1ATR,2ATR,0,-14.96,-100,95.25,2012,39.63,0.21
10,100,0.1,21,0.5,2ATR,0,0,-14.99,-100,42.1,354,46.68,0.124
10,100,0.1,21,1,2ATR,3ATR,5,-15,-100,70.89,806,33.93,0.177
10,100,0.2,21,0.5,2ATR,3ATR,5,-15,-100,70.89,806,33.93,0.177
10,100,0.15,21,1,2ATR,0,0,-15.01,-100,43.55,354,46.68,0.319
20,100,0.15,14,0.5,2ATR,0,5,-15.01,-100,36.07,284,43.85,0.165
20,100,0.1,14,1,1ATR,3ATR,0,-15.03,-100,90.97,1584,40.73,0.21
20,100,0.2,14,0.5,1ATR,3ATR,0,-15.03,-100,90.97,1584,40.73,0.21
20,50,0.15,14,1,1ATR,3ATR,0,-15.05,-100,91.5,1616,42.63,0.298
20,150,0.1,14,1,1ATR,2ATR,0,-15.06,-100,94.8,1952,38.32,0.205
20,150,0.2,14,0.5,1ATR,2ATR,0,-15.06,-100,94.8,1952,38.32,0.205
20,100,0.15,14,0.5,1ATR,3ATR,0,-15.07,-100,90.91,1584,40.73,0.163
20,100,0.1,14,1,1ATR,2ATR,0,-15.08,-100,95.18,2002,39,0.207
20,100,0.2,14,0.5,1ATR,2ATR,0,-15.08,-100,95.18,2002,39,0.207
10,100,0.1,21,1,1ATR,3ATR,0,-15.11,-100,90.64,1560,41.54,0.217
10,100,0.2,21,0.5,1ATR,3ATR,0,-15.11,-100,90.64,1560,41.54,0.217
10,100,0.1,14,0.5,1ATR,2ATR,0,-15.16,-100,95.19,2012,39.63,0.111
10,100,0.1,14,1,2ATR,0,0,-15.17,-100,42.54,350,46.73,0.233
10,100,0.2,14,0.5,2ATR,0,0,-15.17,-100,42.54,350,46.73,0.233
20,50,0.15,21,1,1ATR,2ATR,0,-15.17,-100,95.96,2112,40.52,0.293
20,100,0.15,14,0.5,1ATR,2ATR,0,-15.19,-100,95.15,2002,39,0.161
10,100,0.15,14,0.5,2ATR,0,0,-15.21,-100,42.17,350,46.73,0.181
10,100,0.1,14,0.5,2ATR,3ATR,0,-15.23,-100,81.65,1120,43.48,0.115
10,100,0.1,14,1,2ATR,3ATR,0,-15.25,-100,81.89,1120,43.48,0.222
10,100,0.2,14,0.5,2ATR,3ATR,0,-15.25,-100,81.89,1120,43.48,0.222
10,50,0.1,21,1,1ATR,3ATR,0,-15.27,-100,91.74,1642,42.31,0.221
10,50,0.2,21,0.5,1ATR,3ATR,0,-15.27,-100,91.74,1642,42.31,0.221
10,100,0.1,21,0.5,1ATR,3ATR,0,-15.27,-100,90.52,1560,41.54,0.113
10,100,0.15,14,0.5,1ATR,2ATR,0,-15.29,-100,95.22,2012,39.63,0.164
10,100,0.1,21,0.5,2ATR,3ATR,0,-15.31,-100,81.15,1102,43.54,0.117
10,100,0.15,21,0.5,1ATR,3ATR,0,-15.33,-100,90.58,1560,41.54,0.168
10,100,0.15,14,0.5,2ATR,3ATR,0,-15.34,-100,81.77,1120,43.48,0.172
10,100,0.15,14,1,2ATR,0,0,-15.34,-100,43.21,350,46.73,0.312
10,100,0.15,21,0.5,2ATR,3ATR,0,-15.39,-100,81.28,1102,43.54,0.174
10,100,0.15,21,1,2ATR,3ATR,0,-15.42,-100,81.63,1102,43.54,0.306
10,100,0.1,14,0.5,2ATR,0,0,-15.43,-100,41.76,350,46.73,0.122
10,100,0.2,14,1,2ATR,0,0,-15.52,-100,43.74,350,46.73,0.37
20,150,0.15,14,0.5,1ATR,2ATR,0,-15.53,-100,94.77,1952,38.32,0.16
20,50,0.1,14,0.5,1ATR,2ATR,0,-15.61,-100,95.85,2110,40.55,0.115
10,100,0.2,21,1,2ATR,0,0,-15.63,-100,44.13,354,46.68,0.374
10,50,0.1,21,0.5,1ATR,3ATR,0,-15.64,-100,91.62,1642,42.31,0.116
20,150,0.1,14,0.5,1ATR,2ATR,0,-15.68,-100,94.74,1952,38.32,0.109
10,100,0.1,21,1,2ATR,3ATR,0,-15.72,-100,81.42,1102,43.54,0.224
10,100,0.2,21,0.5,2ATR,3ATR,0,-15.72,-100,81.42,1102,43.54,0.224
20,50,0.1,14,1,1ATR,2ATR,0,-15.75,-100,95.91,2110,40.55,0.217
20,50,0.2,14,0.5,1ATR,2ATR,0,-15.75,-100,95.91,2110,40.55,0.217
10,100,0.2,14,1,2ATR,0,5,-15.78,-100,40.09,308,44.85,0.356
10,50,0.15,21,0.5,1ATR,3ATR,0,-15.89,-100,91.69,1642,42.31,0.172
20,50,0.1,14,0.5,1ATR,3ATR,0,-15.9,-100,91.29,1616,42.63,0.116
10,100,0.15,21,1,2ATR,0,5,-16,-100,39.62,308,44.81,0.305
10,100,0.15,14,1,2ATR,0,5,-16.02,-100,39.58,308,44.85,0.3
20,50,0.1,14,1,1ATR,3ATR,0,-16.02,-100,91.41,1616,42.63,0.22
20,50,0.2,14,0.5,1ATR,3ATR,0,-16.02,-100,91.41,1616,42.63,0.22
20,50,0.15,14,0.5,1ATR,2ATR,0,-16.1,-100,95.88,2110,40.55,0.17
10,100,0.2,21,1,2ATR,0,5,-16.2,-100,40.19,308,44.81,0.359
20,50,0.15,14,0.5,1ATR,3ATR,0,-16.25,-100,91.36,1616,42.63,0.171
10,100,0.1,21,1,2ATR,0,5,-16.3,-100,38.93,308,44.81,0.226
10,100,0.2,21,0.5,2ATR,0,5,-16.3,-100,38.93,308,44.81,0.226
10,100,0.15,21,0.5,2ATR,0,5,-16.33,-100,38.51,308,44.81,0.177
20,50,0.1,21,0.5,1ATR,2ATR,0,-16.43,-100,95.87,2112,40.52,0.116
10,100,0.1,14,1,2ATR,0,5,-16.51,-100,38.92,308,44.85,0.223
10,100,0.1,21,0.5,2ATR,0,5,-16.51,-100,38.04,308,44.81,0.119
10,100,0.2,14,0.5,2ATR,0,5,-16.51,-100,38.92,308,44.85,0.223
10,100,0.15,14,0.5,2ATR,0,5,-16.59,-100,38.52,308,44.85,0.174
20,50,0.1,21,1,1ATR,2ATR,0,-16.72,-100,95.93,2112,40.52,0.219
20,50,0.2,21,0.5,1ATR,2ATR,0,-16.72,-100,95.93,2112,40.52,0.219
20,50,0.15,21,0.5,1ATR,2ATR,0,-16.82,-100,95.9,2112,40.52,0.171
10,100,0.1,14,0.5,2ATR,0,5,-16.85,-100,38.05,308,44.85,0.118
10,100,0.2,21,1,2ATR,2ATR,5,-17.96,-100,77.05,948,30.86,0.26
10,100,0.15,21,0.5,2ATR,2ATR,5,-18.24,-100,76.42,948,30.86,0.128
10,100,0.1,21,0.5,2ATR,2ATR,5,-18.4,-100,76.26,948,30.86,0.087
10,100,0.15,21,1,2ATR,2ATR,5,-18.48,-100,76.87,948,30.86,0.222
10,100,0.1,21,1,2ATR,2ATR,5,-18.57,-100,76.59,948,30.86,0.163
10,100,0.2,21,0.5,2ATR,2ATR,5,-18.57,-100,76.59,948,30.86,0.163